Dates,Pollster,Sample,Influence,Democrats,Republicans,Net
"2/21 - 2/22, 2026@@24159",<a href='https://emersoncollegepolling.com/february-2026-national-poll-trump-approval-steady-as-disapproval-rises-vance-leads-gop-field-while-democrats-hold-midterm-edge/'style='color:#000000; text-decoration: underline;'target='_blank' rel='nofollow noopener'>Emerson College</a>,"1,000 LV@@1000",1.127605,50.4,42.4,8
"2/27 - 3/3, 2026@@24168",<a href='https://www.nbcnews.com/politics/2026-election/poll-trump-struggles-immigration-prices-iran-democrats-midterm-edge-rcna261861'style='color:#000000; text-decoration: underline;'target='_blank' rel='nofollow noopener'>Hart Research Associates/Public Opinion Strategies</a>^Sponsor: NBC News^,"1,000 RV@@1000",1.105677,50,44,6
"2/24 - 2/26, 2026@@24163",<a href='https://act.americanprinciplesproject.org/p/protect-kids-online/results?access=press'style='color:#000000; text-decoration: underline;'target='_blank' rel='nofollow noopener'>Cygnal</a>^Sponsor: American Principles Project^,"1,048 LV@@1048",1.061452,48.3,44.6,3.700001
"2/19 - 2/23, 2026@@24160",<a href='https://echeloninsights.com/in-the-news/february-2026-verified-voter-omnibus/'style='color:#000000; text-decoration: underline;'target='_blank' rel='nofollow noopener'>Echelon Insights</a>,"1,002 LV@@1002",1.045197,50,46,4
"1/27 - 1/29, 2026@@24135",<a href='https://issuesinsights.com/2026/02/16/who-leads-in-2028-presidential-race-and-in-2026-midterm-elections-ii-tipp-poll/'style='color:#000000; text-decoration: underline;'target='_blank' rel='nofollow noopener'>TIPP Insights</a>^Sponsor: Issues & Insights^,"1,126 RV@@1126",1.019989,45,42,3
"1/12 - 1/17, 2026@@24123",<a href='https://www.nytimes.com/interactive/2026/01/22/polls/times-siena-national-poll-toplines.html'style='color:#000000; text-decoration: underline;'target='_blank' rel='nofollow noopener'>The New York Times/Siena College</a>,"1,625 RV@@1625",1.005046,48,43,5
"2/3 - 2/4, 2026@@24141",<a href='https://www.cygn.al/wp-content/uploads/2026/02/23572-Cygnal-National-NVT-Feb26-Deck-Public.pdf'style='color:#000000; text-decoration: underline;'target='_blank' rel='nofollow noopener'>Cygnal</a>,"1,500 LV@@1500",0.953162,47.8,44.4,3.399998
"1/21 - 1/28, 2026@@24134",<a href='https://law.marquette.edu/poll/2026/02/04/detailed-results-of-the-marquette-law-school-supreme-court-poll-jan-21-28-2025-national-issues/'style='color:#000000; text-decoration: underline;'target='_blank' rel='nofollow noopener'>Marquette University Law School</a>,577 LV@@577,0.9365216,52,45,7
"1/23 - 1/26, 2026@@24132",<a href='https://www.foxnews.com/politics/fox-news-poll-early-look-2026-midterms'style='color:#000000; text-decoration: underline;'target='_blank' rel='nofollow noopener'>Beacon Research/Shaw & Company Research</a>^Sponsor: FOX News^,"1,005 RV@@1005",0.8907176,52,46,6
"2/4 - 2/5, 2026@@24142",<a href='https://johnzogbystrategies.com/the-presidents-approval-ratings-underwater-on-overall-job-all-key-voter-issues/'style='color:#000000; text-decoration: underline;'target='_blank' rel='nofollow noopener'>John Zogby Strategies</a>,"1,000 LV@@1000",0.8455706,46.9,41.2,5.700001
"1/7 - 1/14, 2026@@24120",<a href='https://www.rasmussenreports.com/public_content/archive/mood_of_america_archive/generic_congressional_ballot/democrats_increase_advantage_in_midterm_forecast'style='color:#000000; text-decoration: underline;'target='_blank' rel='nofollow noopener'>Rasmussen Reports</a>,"2,273 LV@@2273",0.8294563,47,41,6
"2/4 - 2/10, 2026@@24147",<a href='https://www.theargumentmag.com/p/the-trans-rights-backlash-is-real'style='color:#000000; text-decoration: underline;'target='_blank' rel='nofollow noopener'>The Argument/Verasight</a>,"3,003 RV@@3003",0.8192267,53,47,6
"2/25 - 2/26, 2026@@24163",<a href='https://harvardharrispoll.com/key-results-february-2026/'style='color:#000000; text-decoration: underline;'target='_blank' rel='nofollow noopener'>HarrisX</a>^Sponsor: Harvard CAPS^,"1,560 LV@@1560",0.8154379,50,50,0
"1/17 - 1/19, 2026@@24125",<a href='https://emersoncollegepolling.com/january-2026-national-poll/'style='color:#000000; text-decoration: underline;'target='_blank' rel='nofollow noopener'>Emerson College</a>,"1,000 LV@@1000",0.7672604,48.1,41.7,6.399998
"2/20 - 2/23, 2026@@24160",<a href='https://www.americaonepolicies.com/polls/attitudes-on-iran-the-economy-and-affordability'style='color:#000000; text-decoration: underline;'target='_blank' rel='nofollow noopener'>GrayHouse</a>^Sponsor: America One Policies^,"1,394 RV@@1394",0.7665241,43,40,3
"3/2 - 3/4, 2026@@24169",<a href='https://napolitannews.org/posts/generic-ballot-dem-44-percent-gop-43-dems-also-more-enthusiastic'style='color:#000000; text-decoration: underline;'target='_blank' rel='nofollow noopener'>RMG Research</a>^Sponsor: Napolitan News Service^,"2,000 RV@@2000",0.762832,46,46,0
"1/22 - 1/26, 2026@@24132",<a href='https://echelonin.wpenginepowered.com/wp-content/uploads/January-2026-Voter-Omnibus-Topline.pdf'style='color:#000000; text-decoration: underline;'target='_blank' rel='nofollow noopener'>Echelon Insights</a>,"1,029 LV@@1029",0.7626151,49,44,5
"1/13 - 1/20, 2026@@24126",<a href='https://www.kff.org/public-opinion/kff-health-tracking-poll-health-care-costs-expiring-aca-tax-credits-and-the-2026-midterms/'style='color:#000000; text-decoration: underline;'target='_blank' rel='nofollow noopener'>KFF</a>,"1,141 RV@@1141",0.7549314,49,42,7
"1/27 - 1/28, 2026@@24134",<a href='https://www.cygn.al/wp-content/uploads/2026/02/Cygnal-Deportation-Poll-Data.pdf'style='color:#000000; text-decoration: underline;'target='_blank' rel='nofollow noopener'>Cygnal</a>,"1,004 LV@@1004",0.753151,48,44,4
"1/7 - 1/8, 2026@@24114",<a href='https://www.cygn.al/polls/january-2026-national-voter-trends-nvt-poll/'style='color:#000000; text-decoration: underline;'target='_blank' rel='nofollow noopener'>Cygnal</a>,"1,500 LV@@1500",0.7102677,48.2,44.6,3.600002
"1/15 - 1/22, 2026@@24128",<a href='https://www.claritycampaigns.com/clarity-omnibus-jan-2026'style='color:#000000; text-decoration: underline;'target='_blank' rel='nofollow noopener'>Clarity Campaign Labs</a>,"1,147 LV@@1147",0.6788009,51,42,9
"2/13 - 2/19, 2026@@24156",<a href='https://www.scrippsnews.com/politics/scripps-news-talker-research-poll-high-interest-in-state-of-the-union-amid-economic-worries'style='color:#000000; text-decoration: underline;'target='_blank' rel='nofollow noopener'>Talker Research</a>^Sponsor: Scripps News^,"1,000 A@@1000",0.6732649,42,36,6
"12/15 - 12/19, 2025@@24094",<a href='https://www.atlasintel.org/poll/usa-national-2025-12-19'style='color:#000000; text-decoration: underline;'target='_blank' rel='nofollow noopener'>AtlasIntel</a>,"2,315 A@@2315",0.6725196,54.4,38.4,16
"1/23 - 1/26, 2026@@24132",<a href='https://www.focaldata.com/blog/cost-of-living-fuelling-democrat-strength-in-new-midterms-polling'style='color:#000000; text-decoration: underline;'target='_blank' rel='nofollow noopener'>Focaldata</a>,"1,709 LV@@1709",0.6583785,50,45,5
"1/8 - 1/12, 2026@@24118",<a href='https://www.winningtheissues.org/2026/01/27/2026-winning-the-issues-research/'style='color:#000000; text-decoration: underline;'target='_blank' rel='nofollow noopener'>The Winston Group</a>^Sponsor: Winning the Issues^,"1,000 RV@@1000",0.6505249,46,43,3
"1/28 - 1/29, 2026@@24135",<a href='https://harvardharrispoll.com/key-results-january-6/'style='color:#000000; text-decoration: underline;'target='_blank' rel='nofollow noopener'>HarrisX</a>^Sponsor: Harvard CAPS^,"1,508 LV@@1508",0.6309071,49.5,46,3.5
"1/8 - 1/13, 2026@@24119",<a href='https://www.wsj.com/politics/elections/trump-approval-rating-economy-poll-b3a62e57'style='color:#000000; text-decoration: underline;'target='_blank' rel='nofollow noopener'>Impact Research/National Research </a>^Sponsor: Wall Street Journal^,"1,500 RV@@1500",0.6200242,47,43,4
"2/18 - 2/20, 2026@@24157",<a href='https://www.gelliottmorris.com/p/ahead-of-state-of-the-union-address'style='color:#000000; text-decoration: underline;'target='_blank' rel='nofollow noopener'>Verasight</a>^Sponsor: Strength in Numbers^,"1,401 RV@@1401",0.6139552,52,42,10
"2/10 - 2/10, 2026@@24147",<a href='https://www.focaldata.com/blog/cost-of-living-fuelling-democrat-strength-in-new-midterms-polling'style='color:#000000; text-decoration: underline;'target='_blank' rel='nofollow noopener'>Focaldata</a>,957 LV@@957,0.6070246,51.1,43.6,7.5
"1/13 - 1/15, 2026@@24121",<a href='https://researchco.ca/2026/01/26/amendment/'style='color:#000000; text-decoration: underline;'target='_blank' rel='nofollow noopener'>Research Co.</a>,"1,002 A@@1002",0.5942106,42,36,6
"2/9 - 2/12, 2026@@24149",<a href='https://napolitannews.org/posts/generic-ballot-gop-44-percent-dem-41-but-dems-more-enthusiastic'style='color:#000000; text-decoration: underline;'target='_blank' rel='nofollow noopener'>RMG Research</a>^Sponsor: Napolitan News Service^,"2,000 RV@@2000",0.5908059,45,47,-2
"1/29 - 1/30, 2026@@24136",<a href='https://e1.nmcdn.io/assets/ppp/wp-content/uploads/2026/01/January2026NationalSurvey.pdf'style='color:#000000; text-decoration: underline;'target='_blank' rel='nofollow noopener'>Public Policy Polling</a>,652 RV@@652,0.59016,48,41,7
"2/18 - 2/23, 2026@@24160",<a href='https://www.reuters.com/world/us/most-americans-say-trump-is-growing-erratic-with-age-reutersipsos-poll-finds-2026-02-24/'style='color:#000000; text-decoration: underline;'target='_blank' rel='nofollow noopener'>Ipsos</a>^Sponsor: Reuters^,"3,686 RV@@3686",0.5885434,40,38,2
"1/26 - 1/27, 2026@@24133",<a href='https://www.theargumentmag.com/p/immigration-is-turning-into-a-disaster'style='color:#000000; text-decoration: underline;'target='_blank' rel='nofollow noopener'>The Argument/Verasight</a>,"1,515 RV@@1515",0.5497321,52,48,4
"12/15 - 12/17, 2025@@24092",<a href='https://buildingamericasfuture.com/wp-content/uploads/2025/12/AI-Federal-Preemption-National-Voter-Survey-Memo.pdf'style='color:#000000; text-decoration: underline;'target='_blank' rel='nofollow noopener'>Fabrizio Ward</a>^Sponsor: Building America's Future^,"1,000 RV@@1000",0.5322029,45,38,7
"12/9 - 12/16, 2025@@24091",<a href='https://www.aarp.org/content/dam/aarp/research/topics/work-finances-retirement/financial-security-retirement/shes-the-difference-financial-security-annotated-questionnaire.doi.10.26419-2fres.01033.002.pdf'style='color:#000000; text-decoration: underline;'target='_blank' rel='nofollow noopener'>Echelon Insights/GBAO</a>^Sponsor: AARP^,"2,023 LV@@2023",0.5233459,47,43,4
"1/13 - 1/14, 2026@@24120",<a href='https://drive.google.com/file/d/1iHoieThBdqtE4vH3gDLGzOI334wGWU6_/view'style='color:#000000; text-decoration: underline;'target='_blank' rel='nofollow noopener'>Public Policy Polling</a>^Sponsor: Progress Action Fund (hybrid PAC)^,597 RV@@597,0.4869282,50,42,8
"1/9 - 1/12, 2026@@24118",<a href='https://www.cnn.com/2026/01/18/politics/cnn-poll-democrats-are-deeply-motivated-for-the-midterms-despite-having-dismal-views-of-party-leaders'style='color:#000000; text-decoration: underline;'target='_blank' rel='nofollow noopener'>CNN/SSRS</a>,968 RV@@968,0.4651998,46,41,5
"12/11 - 12/15, 2025@@24090",<a href='https://poll.qu.edu/poll-release?releaseid=3943'style='color:#000000; text-decoration: underline;'target='_blank' rel='nofollow noopener'>Quinnipiac University</a>,"1,035 RV@@1035",0.4617777,47,43,4
"12/5 - 12/7, 2025@@24082",<a href='https://www.cygn.al/wp-content/uploads/2025/12/23448-Cygnal-National-Dec25-NVT-Deck-Public.pdf'style='color:#000000; text-decoration: underline;'target='_blank' rel='nofollow noopener'>Cygnal</a>,"1,500 LV@@1500",0.449041,48,44.1,3.900002
"1/14 - 1/20, 2026@@24126",<a href='https://www.gelliottmorris.com/p/new-poll-trump-slips-on-immigration'style='color:#000000; text-decoration: underline;'target='_blank' rel='nofollow noopener'>Verasight</a>^Sponsor: Strength in Numbers^,"1,057 LV@@1057",0.4294652,55,42,13
"2/12 - 2/17, 2026@@24154",<a href='https://www.washingtonpost.com/politics/2026/02/25/poll-democrats-trump-republicans-midterms/'style='color:#000000; text-decoration: underline;'target='_blank' rel='nofollow noopener'>Ipsos</a>^Sponsor: The Washington Post | ABC News^,"2,087 RV@@2087",0.4285286,47,45,2
"11/18 - 11/23, 2025@@24068",<a href='https://www.rasmussenreports.com/public_content/politics/mood_of_america/generic_congressional_ballot_dec03'style='color:#000000; text-decoration: underline;'target='_blank' rel='nofollow noopener'>Rasmussen Reports</a>,"2,410 LV@@2410",0.4237715,45,42,3
"11/19 - 11/26, 2025@@24071",<a href='https://uploads.thirdway.org/downloads/food-medicine-fuel-for-a-wave/Third-WayGBAO-National-Framing-Survey-Toplines-November-2025.pdf'style='color:#000000; text-decoration: underline;'target='_blank' rel='nofollow noopener'>GBAO</a>^Sponsor: Third Way^,"2,000 RV@@2000",0.4195011,48,42,6
"11/10 - 11/13, 2025@@24058",<a href='https://maristpoll.marist.edu/polls/a-look-to-the-2026-midterms-november-2025/'style='color:#000000; text-decoration: underline;'target='_blank' rel='nofollow noopener'>Marist University</a>^Sponsor: NPR | PBS News^,"1,291 RV@@1291",0.4133403,55,41,14
"12/11 - 12/15, 2025@@24090",<a href='https://echelonin.wpenginepowered.com/wp-content/uploads/December-2025-Omnibus-Topline-External.pdf'style='color:#000000; text-decoration: underline;'target='_blank' rel='nofollow noopener'>Echelon Insights</a>,"1,011 LV@@1011",0.4119475,48,45,3
"12/14 - 12/15, 2025@@24090",<a href='https://emersoncollegepolling.com/december-2025-national-poll-trumps-approval-flips-since-start-of-the-year/'style='color:#000000; text-decoration: underline;'target='_blank' rel='nofollow noopener'>Emerson College</a>,"1,000 RV@@1000",0.4090677,43.5,41.7,1.799999
"12/30, 2025 - 1/1, 2026@@24107",<a href='https://independentcentervoice.com/insights/2026-tune-in-as-america-approaches-its-250th-voters-declare-the-status-quo-broken-and-demand-new-options'style='color:#000000; text-decoration: underline;'target='_blank' rel='nofollow noopener'>The Bullfinch Group</a>^Sponsor: Independent Center^,"1,000 RV@@1000",0.4043001,44,33,11
"11/5 - 11/12, 2025@@24057",<a href='https://law.marquette.edu/poll/2025/11/18/detailed-results-of-the-marquette-law-school-supreme-court-poll-nov-5-12-2025-national-issues/'style='color:#000000; text-decoration: underline;'target='_blank' rel='nofollow noopener'>Marquette University Law School</a>,602 LV@@602,0.403418,53,44,9
"1/5 - 1/8, 2026@@24114",<a href='https://napolitannews.org/posts/generic-ballot-gop-43-percent-dem-44'style='color:#000000; text-decoration: underline;'target='_blank' rel='nofollow noopener'>RMG Research</a>^Sponsor: Napolitan News Service^,"2,000 RV@@2000",0.3847492,47,46,1
"1/21 - 1/27, 2026@@24133",<a href='https://mclaughlinonline.com/pols/wp-content/uploads/2026/02/National-January-2026-Presentation-RELEASE-1-1.pdf'style='color:#000000; text-decoration: underline;'target='_blank' rel='nofollow noopener'>McLaughlin & Associates</a>,"1,000 LV@@1000",0.382144,46,44,2
"12/4 - 12/8, 2025@@24083",<a href='https://fm.cnbc.com/applications/cnbc.com/resources/editorialfiles/2025/12/16/TOPLINES_250313_CNBC_AAES_Q4_2025_new.pdf'style='color:#000000; text-decoration: underline;'target='_blank' rel='nofollow noopener'>Hart Research Associates/Public Opinion Strategies</a>^Sponsor: CNBC^,800 RV@@800,0.3564419,50,46,4
"12/6 - 12/8, 2025@@24083",<a href='https://www.americaonepolicies.com/polls/selling-the-one-big-beautiful-bill'style='color:#000000; text-decoration: underline;'target='_blank' rel='nofollow noopener'>GrayHouse</a>^Sponsor: America One Policies^,"2,058 RV@@2058",0.345348,45,41,4
"10/29 - 11/11, 2025@@24056",<a href='https://youthpoll.yale.edu/fall-2025-results'style='color:#000000; text-decoration: underline;'target='_blank' rel='nofollow noopener'>Yale University Institution for Social and Policy Studies</a>,"3,426 RV@@3426",0.3328419,45,43,2
"11/19 - 11/25, 2025@@24070",<a href='https://jlpartners.com/nov25-rv'style='color:#000000; text-decoration: underline;'target='_blank' rel='nofollow noopener'>J.L. Partners</a>^Sponsor: DailyMail.com^,797 LV@@797,0.3263456,50,46,4
"10/2 - 10/6, 2025@@24020",<a href='https://www.thecentersquare.com/image_f6c02a7b-df0a-426c-b38e-7825e2b1cec6.html'style='color:#000000; text-decoration: underline;'target='_blank' rel='nofollow noopener'>Noble Predictive Insights</a>^Sponsor: Center Square^,"2,565 RV@@2565",0.3190751,45,43,2
"11/5 - 11/6, 2025@@24051",<a href='https://www.cygn.al/poll-voters-say-less-socialism-more-stabilityeconomic-concerns-surge-heading-into-2026/'style='color:#000000; text-decoration: underline;'target='_blank' rel='nofollow noopener'>Cygnal</a>,"1,500 LV@@1500",0.3183193,50,44,6
"2/13 - 2/16, 2026@@24153",<a href='https://www.reuters.com/world/us/trumps-immigration-approval-hits-new-low-according-reutersipsos-poll-2026-02-17/'style='color:#000000; text-decoration: underline;'target='_blank' rel='nofollow noopener'>Ipsos</a>^Sponsor: Reuters^,846 RV@@846,0.2972706,41,37,4
"10/27 - 10/29, 2025@@24043",<a href='https://www.newsnationnow.com/polls/full-poll-results-newsnation-national-survey-trump/'style='color:#000000; text-decoration: underline;'target='_blank' rel='nofollow noopener'>NewsNation</a>,"1,158 LV@@1158",0.2968552,47,47,0
"11/15 - 11/17, 2025@@24062",<a href='https://www.winningtheissues.org/2025/12/31/2025-winning-the-issues-research/'style='color:#000000; text-decoration: underline;'target='_blank' rel='nofollow noopener'>The Winston Group</a>^Sponsor: Winning the Issues^,"1,000 RV@@1000",0.2891384,47,42,5
"11/10 - 11/14, 2025@@24059",<a href='https://www.highpoint.edu/src/files/2023/08/HPUPoll-115-and-116-Registered-Voters.pdf'style='color:#000000; text-decoration: underline;'target='_blank' rel='nofollow noopener'>High Point University Survey Research Center</a>,837 RV@@837,0.285816,48,39,9
"12/4 - 12/11, 2025@@24086",<a href='https://www.claritycampaigns.com/clarity-omnibus-dec-2025'style='color:#000000; text-decoration: underline;'target='_blank' rel='nofollow noopener'>Clarity Campaign Labs</a>,"1,000 RV@@1000",0.2835277,49,44,5
"2/27 - 3/2, 2026@@24167",<a href='https://d3nkl3psvxxpe9.cloudfront.net/documents/econTabReport_ubu5DXD.pdf'style='color:#000000; text-decoration: underline;'target='_blank' rel='nofollow noopener'>YouGov</a>^Sponsor: Economist^,"1,366 RV@@1366",0.2777424,45,41,4
"10/16 - 10/20, 2025@@24034",<a href='https://poll.qu.edu/poll-release?releaseid=3938'style='color:#000000; text-decoration: underline;'target='_blank' rel='nofollow noopener'>Quinnipiac University</a>,"1,327 RV@@1327",0.2703608,50,41,9
"11/13 - 11/17, 2025@@24062",<a href='https://echelonin.wpenginepowered.com/wp-content/uploads/November-2025-Voter-Omnibus-Topline-External.pdf'style='color:#000000; text-decoration: underline;'target='_blank' rel='nofollow noopener'>Echelon Insights</a>,"1,051 LV@@1051",0.2673842,49,45,4
"12/5 - 12/11, 2025@@24086",<a href='https://www.theargumentmag.com/p/have-democrats-lost-their-education'style='color:#000000; text-decoration: underline;'target='_blank' rel='nofollow noopener'>The Argument/Verasight</a>,"1,521 RV@@1521",0.2668826,50.6,49.4,1.199997
"9/22 - 9/27, 2025@@24011",<a href='https://www.nytimes.com/2025/09/30/polls/trump-approval-poll.html'style='color:#000000; text-decoration: underline;'target='_blank' rel='nofollow noopener'>The New York Times/Siena College</a>,"1,313 RV@@1313",0.2541264,47,45,2
"11/6 - 11/10, 2025@@24055",<a href='https://www.survey160.com/methodological-research-blog/survey-160-tracking-poll-november-2025-update'style='color:#000000; text-decoration: underline;'target='_blank' rel='nofollow noopener'>Survey160</a>,"1,513 RV@@1513",0.2516919,46,39,7
"11/3 - 11/4, 2025@@24049",<a href='https://emersoncollegepolling.com/november-2025-national-poll/'style='color:#000000; text-decoration: underline;'target='_blank' rel='nofollow noopener'>Emerson College</a>,"1,000 RV@@1000",0.2432719,43.5,40.1,3.400002
"11/21 - 11/25, 2025@@24070",<a href='https://www.thebullfinchgroup.com/post/public-release-of-bullfinch-q4-nationwide-survey-3'style='color:#000000; text-decoration: underline;'target='_blank' rel='nofollow noopener'>The Bullfinch Group</a>,"1,000 RV@@1000",0.2426456,41,35,6
"10/24 - 10/28, 2025@@24042",<a href='https://pos.org/wp-content/uploads/2025/11/NBC-News-October-2025-Poll-11-02-2025-Release.pdf'style='color:#000000; text-decoration: underline;'target='_blank' rel='nofollow noopener'>Hart Research Associates/Public Opinion Strategies</a>^Sponsor: NBC News^,"1,000 RV@@1000",0.2424362,50,42,8
"2/20 - 2/23, 2026@@24160",<a href='https://d3nkl3psvxxpe9.cloudfront.net/documents/econTabReport_5ZLQm8s.pdf'style='color:#000000; text-decoration: underline;'target='_blank' rel='nofollow noopener'>YouGov</a>^Sponsor: Economist^,"1,402 RV@@1402",0.2408083,45,41,4
"10/7 - 10/8, 2025@@24022",<a href='https://www.cygn.al/poll-42-of-liberals-approve-of-law-breaking-in-response-to-disagreeing-with-a-government-action/'style='color:#000000; text-decoration: underline;'target='_blank' rel='nofollow noopener'>Cygnal</a>,"1,500 LV@@1500",0.2310642,47.5,45.3,2.200001
"11/7 - 11/10, 2025@@24055",<a href='https://www.the-downballot.com/p/new-poll-shows-democrats-best-path'style='color:#000000; text-decoration: underline;'target='_blank' rel='nofollow noopener'>YouGov Blue</a>,517 RV@@517,0.2250473,48,45,3
"10/15 - 10/26, 2025@@24040",<a href='https://www.winningtheissues.org/2025/12/31/2025-winning-the-issues-research/'style='color:#000000; text-decoration: underline;'target='_blank' rel='nofollow noopener'>The Winston Group</a>^Sponsor: Winning the Issues^,"1,000 RV@@1000",0.220157,47,43,4
"12/1 - 12/4, 2025@@24079",<a href='https://napolitannews.org/posts/generic-ballot-gop-45-percent-dem-41'style='color:#000000; text-decoration: underline;'target='_blank' rel='nofollow noopener'>RMG Research</a>^Sponsor: Napolitan Institute^,"2,000 RV@@2000",0.2178621,44,48,-4
"2/13 - 2/16, 2026@@24153",<a href='https://d3nkl3psvxxpe9.cloudfront.net/documents/econTabReport_usZL1Jt.pdf'style='color:#000000; text-decoration: underline;'target='_blank' rel='nofollow noopener'>YouGov</a>^Sponsor: Economist^,"1,512 RV@@1512",0.2154118,47,40,7
"1/23 - 1/25, 2026@@24131",<a href='https://www.reuters.com/data/trumps-approval-rating-2025-01-21/'style='color:#000000; text-decoration: underline;'target='_blank' rel='nofollow noopener'>Ipsos</a>^Sponsor: Reuters^,"1,139 A@@1139",0.2128294,41,37,4
"1/12 - 1/13, 2026@@24119",<a href='https://www.reuters.com/data/which-party-do-americans-want-run-congress-2025-11-05/'style='color:#000000; text-decoration: underline;'target='_blank' rel='nofollow noopener'>Ipsos</a>^Sponsor: Reuters^,941 RV@@941,0.2037639,40,38,2
"2/13 - 2/18, 2026@@24155",<a href='https://scholarworks.bgsu.edu/cgi/viewcontent.cgi?article=1017&context=depo'style='color:#000000; text-decoration: underline;'target='_blank' rel='nofollow noopener'>YouGov</a>^Sponsor: Bowling Green State University^,"1,200 RV@@1200",0.2001793,49,41,8
"10/14 - 10/15, 2025@@24029",<a href='https://jlpartners.com/trump-tracker-october-2025'style='color:#000000; text-decoration: underline;'target='_blank' rel='nofollow noopener'>J.L. Partners</a>^Sponsor: DailyMail.com^,"1,005 RV@@1005",0.1984135,43,37,6
"2/16 - 2/22, 2026@@24159",<a href='https://pro.morningconsult.com/trackers/2026-midterm-election-generic-ballot-polls'style='color:#000000; text-decoration: underline;'target='_blank' rel='nofollow noopener'>Morning Consult</a>,"26,087 RV@@26087",0.19731,45,42,3
"10/13 - 10/14, 2025@@24028",<a href='https://emersoncollegepolling.com/october-2025-poll/'style='color:#000000; text-decoration: underline;'target='_blank' rel='nofollow noopener'>Emerson College</a>,"1,000 RV@@1000",0.1937321,43.9,42.5,1.400002
"2/6 - 2/9, 2026@@24146",<a href='https://d3nkl3psvxxpe9.cloudfront.net/documents/econTabReport_vNnwPx2.pdf'style='color:#000000; text-decoration: underline;'target='_blank' rel='nofollow noopener'>YouGov</a>^Sponsor: Economist^,"1,551 RV@@1551",0.1925733,44,38,6
"11/10 - 11/17, 2025@@24062",<a href='https://www.theargumentmag.com/p/2026-is-looking-terrible-for-republicans#footnote-1-179372962'style='color:#000000; text-decoration: underline;'target='_blank' rel='nofollow noopener'>The Argument/Verasight</a>,"1,508 RV@@1508",0.1900181,53,47,6
"10/16 - 10/20, 2025@@24034",<a href='https://echeloninsights.com/in-the-news/october-2025-verified-voter-omnibus-2/'style='color:#000000; text-decoration: underline;'target='_blank' rel='nofollow noopener'>Echelon Insights</a>,"1,010 LV@@1010",0.1880017,47,46,1
"10/8 - 10/12, 2025@@24026",<a href='https://fm.cnbc.com/applications/cnbc.com/resources/editorialfiles/2025/10/17/CNBC_All-America_Economic_Survey_Q3_2025.pdf'style='color:#000000; text-decoration: underline;'target='_blank' rel='nofollow noopener'>Hart Research Associates/Public Opinion Strategies</a>^Sponsor: CNBC^,800 RV@@800,0.1842124,48,47,1
"10/15 - 10/26, 2025@@24040",<a href='https://manhattan.institute/article/the-new-gop-survey-analysis-of-americans-overall-todays-republican-coalition-and-the-minorities-of-maga'style='color:#000000; text-decoration: underline;'target='_blank' rel='nofollow noopener'>Manhattan Institute</a>,500 RV@@500,0.183478,47,44,3
"12/12 - 12/19, 2025@@24094",<a href='https://mclaughlinonline.com/2025/12/23/national-monthly-december-2025/'style='color:#000000; text-decoration: underline;'target='_blank' rel='nofollow noopener'>McLaughlin & Associates</a>,"1,000 LV@@1000",0.1813647,46,45,1
"2/9 - 2/12, 2026@@24149",<a href='https://www.yahoo.com/news/politics/article/poll-trumps-approval-rating-hits-new-low-as-immigration-backlash-grows-and-ice-withdraws-from-minnesota-204723473.html'style='color:#000000; text-decoration: underline;'target='_blank' rel='nofollow noopener'>YouGov</a>^Sponsor: Yahoo News^,"1,149 RV@@1149",0.1797317,44,41,3
"1/30 - 2/2, 2026@@24139",<a href='https://d3nkl3psvxxpe9.cloudfront.net/documents/econTabReport_DDIQ8jz.pdf'style='color:#000000; text-decoration: underline;'target='_blank' rel='nofollow noopener'>YouGov</a>^Sponsor: Economist^,"1,504 RV@@1504",0.1696866,44,40,4
"12/3 - 12/8, 2025@@24083",<a href='https://www.reuters.com/data/trumps-approval-rating-2025-01-21/'style='color:#000000; text-decoration: underline;'target='_blank' rel='nofollow noopener'>Ipsos</a>^Sponsor: Reuters^,"3,521 RV@@3521",0.1691912,40,39,1
"8/15 - 9/8, 2025@@23992","<a href='https://prri.org/research/trumps-unprecedented-actions-deepen-asymmetric-divides/'style='color:#000000; text-decoration: underline;'target='_blank' rel='nofollow noopener'>Public Religion Research Institute</a>^Sponsor: Brookings Institute, Carnegie Corporation of New York, Ford Foundation, Unitarian Universalist Veatch Program at Shelter Rock^","5,543 A@@5543",0.1628148,33,30,3
"9/6 - 9/13, 2025@@23997",<a href='https://www.realclearpolitics.com/articles/2025/09/19/generic_ballot_tracking_poll_republicans_narrow_dems_lead.html'style='color:#000000; text-decoration: underline;'target='_blank' rel='nofollow noopener'>NAIP</a>,"2,071 LV@@2071",0.1616732,45,43,2
"10/27 - 10/30, 2025@@24044",<a href='https://s3.documentcloud.org/documents/26211915/cnn-poll-trump-midterms-east-wing-parties.pdf'style='color:#000000; text-decoration: underline;'target='_blank' rel='nofollow noopener'>CNN/SSRS</a>,954 RV@@954,0.1603538,47,42,5
"10/16 - 10/23, 2025@@24037",<a href='https://www.claritycampaigns.com/clarity-omnibus-oct-2025'style='color:#000000; text-decoration: underline;'target='_blank' rel='nofollow noopener'>Clarity Campaign Labs</a>,"1,047 RV@@1047",0.1576177,47,46,1
"1/23 - 1/26, 2026@@24132",<a href='https://d3nkl3psvxxpe9.cloudfront.net/documents/econTabReport_8FWGyNz.pdf'style='color:#000000; text-decoration: underline;'target='_blank' rel='nofollow noopener'>YouGov</a>^Sponsor: Economist^,"1,520 RV@@1520",0.1521902,43,38,5
"10/27 - 10/30, 2025@@24044",<a href='https://napolitannews.org/posts/generic-ballot-gop-43-percent-dem-42'style='color:#000000; text-decoration: underline;'target='_blank' rel='nofollow noopener'>RMG Research</a>^Sponsor: Napolitan Institute^,"2,000 RV@@2000",0.1463033,42,43,-1
"9/11 - 9/16, 2025@@24000","<a href='https://www.thirdway.org/memo/americans-caught-between-trumps-cruelty-and-democrats-chaos'style='color:#000000; text-decoration: underline;'target='_blank' rel='nofollow noopener'>Normington, Petts & Associates</a>^Sponsor: Third Way^",800 LV@@800,0.1407681,40,40,0
"10/10 - 10/16, 2025@@24030",<a href='https://www.theargumentmag.com/p/the-immigration-problem-is-a-crime'style='color:#000000; text-decoration: underline;'target='_blank' rel='nofollow noopener'>The Argument/Verasight</a>,"1,530 RV@@1530",0.1403725,44,43,1
"11/12 - 11/14, 2025@@24059",<a href='https://www.gelliottmorris.com/p/new-poll-democrats-lead-the-2026'style='color:#000000; text-decoration: underline;'target='_blank' rel='nofollow noopener'>Verasight</a>^Sponsor: Strength in Numbers^,860 LV@@860,0.1400909,49,45,4
"2/2 - 2/8, 2026@@24145",<a href='https://pro.morningconsult.com/trackers/2026-midterm-election-generic-ballot-polls'style='color:#000000; text-decoration: underline;'target='_blank' rel='nofollow noopener'>Morning Consult</a>,"24,606 RV@@24606",0.1396916,45,42,3
"1/16 - 1/19, 2026@@24125",<a href='https://d3nkl3psvxxpe9.cloudfront.net/documents/econTabReport_z9wtNZI.pdf'style='color:#000000; text-decoration: underline;'target='_blank' rel='nofollow noopener'>YouGov</a>^Sponsor: Economist^,"1,549 RV@@1549",0.1371482,43,39,4
"9/12 - 9/16, 2025@@24000",<a href='https://atlasintel.org/poll/usa-national-2025-09-19'style='color:#000000; text-decoration: underline;'target='_blank' rel='nofollow noopener'>AtlasIntel</a>,"1,066 A@@1066",0.1366841,51.8,43.5,8.299999
"2/9 - 2/15, 2026@@24152",<a href='https://pro.morningconsult.com/trackers/2026-midterm-election-generic-ballot-polls'style='color:#000000; text-decoration: underline;'target='_blank' rel='nofollow noopener'>Morning Consult</a>,"12,505 RV@@12505",0.1241653,45,42,3
"1/26 - 2/1, 2026@@24138",<a href='https://pro.morningconsult.com/trackers/2026-midterm-election-generic-ballot-polls'style='color:#000000; text-decoration: underline;'target='_blank' rel='nofollow noopener'>Morning Consult</a>,"25,492 RV@@25492",0.1229613,44,42,2
"9/18 - 9/22, 2025@@24006",<a href='https://echeloninsights.com/in-the-news/september-2025-verified-voter-omnibus/'style='color:#000000; text-decoration: underline;'target='_blank' rel='nofollow noopener'>Echelon Insights</a>,"1,071 LV@@1071",0.1229401,47,46,1
"9/2 - 9/3, 2025@@23987",<a href='https://www.cygn.al/poll-optimism-drops-while-trump-gop-maintain-issue-trust-with-midterm-voters-including-on-inflation-crime/'style='color:#000000; text-decoration: underline;'target='_blank' rel='nofollow noopener'>Cygnal</a>,"1,500 LV@@1500",0.1189917,47.6,45.2,2.399998
"1/9 - 1/12, 2026@@24118",<a href='https://d3nkl3psvxxpe9.cloudfront.net/documents/econTabReport_qsNv5iE.pdf'style='color:#000000; text-decoration: underline;'target='_blank' rel='nofollow noopener'>YouGov</a>^Sponsor: Economist^,"1,437 RV@@1437",0.118934,44,40,4
"10/24 - 10/29, 2025@@24043",<a href='https://www.gelliottmorris.com/p/new-poll-voters-want-democrats-to'style='color:#000000; text-decoration: underline;'target='_blank' rel='nofollow noopener'>Verasight</a>^Sponsor: Strength In Numbers^,"1,352 RV@@1352",0.1137978,49,41,8
"12/12 - 12/15, 2025@@24090",<a href='https://www.reuters.com/data/which-party-do-americans-want-run-congress-2025-11-05/'style='color:#000000; text-decoration: underline;'target='_blank' rel='nofollow noopener'>Ipsos</a>^Sponsor: Reuters^,775 RV@@775,0.1106123,40,36,4
"11/17 - 11/24, 2025@@24069",<a href='https://mclaughlinonline.com/pols/wp-content/uploads/2025/11/National-November-Presentation-RELEASE-11-25-25-1.pdf'style='color:#000000; text-decoration: underline;'target='_blank' rel='nofollow noopener'>McLaughlin & Associates</a>,"1,000 LV@@1000",0.1095519,45,44,1
"9/10 - 9/12, 2025@@23996",<a href='https://www.politico.com/news/2025/12/03/obamacare-subsidies-expire-this-month-many-republicans-are-shrugging-00672949'style='color:#000000; text-decoration: underline;'target='_blank' rel='nofollow noopener'>i360</a>^Sponsor: Americans for Prosperity^,577 RV@@577,0.1076591,35,32,3
"1/8 - 1/12, 2026@@24118",<a href='https://www.yahoo.com/news/world/article/poll-most-americans-dont-want-the-us-to-be-in-charge-of-venezuela-154611401.html?guccounter=1&guce_referrer=aHR0cHM6Ly9maWZ0eXBsdXNvbmUubmV3cy8&guce_referrer_sig=AQAAADuswAe9tXhPxz19FPFnpXDmszH_5A1WoB4vOY-7U0IjGPU3fLrwbmCyUwF8ynb_I9N0n4Rc39un9yZA5xjnYbwG42YEmutuZQ25dTi16lYuweaJ1AIGD79NFwnTA60flTfUA5IlNW9zxaBJiRd0rgTmTKbyUDqhKc0Wx3s0etNG'style='color:#000000; text-decoration: underline;'target='_blank' rel='nofollow noopener'>YouGov</a>^Sponsor: Yahoo News^,"1,149 RV@@1149",0.107067,45,40,5
"1/19 - 1/25, 2026@@24131",<a href='https://pro.morningconsult.com/trackers/2026-midterm-election-generic-ballot-polls'style='color:#000000; text-decoration: underline;'target='_blank' rel='nofollow noopener'>Morning Consult</a>,"24,675 RV@@24675",0.106417,44,43,1
"1/2 - 1/5, 2026@@24111",<a href='https://d3nkl3psvxxpe9.cloudfront.net/documents/econTabReport_aY8mpiN.pdf'style='color:#000000; text-decoration: underline;'target='_blank' rel='nofollow noopener'>YouGov</a>^Sponsor: Economist^,"1,389 RV@@1389",0.105252,45,39,6
"9/15 - 9/18, 2025@@24002",<a href='https://www.theargumentmag.com/p/chatgpt-and-the-end-of-learning'style='color:#000000; text-decoration: underline;'target='_blank' rel='nofollow noopener'>The Argument/Verasight</a>,"1,541 RV@@1541",0.1010474,53,47,6
"8/30 - 9/1, 2025@@23985",<a href='https://www.winningtheissues.org/2025/12/31/2025-winning-the-issues-research/'style='color:#000000; text-decoration: underline;'target='_blank' rel='nofollow noopener'>The Winston Group</a>^Sponsor: Winning the Issues^,"1,000 RV@@1000",0.0959742,47,43,4
"12/26 - 12/29, 2025@@24104",<a href='https://d3nkl3psvxxpe9.cloudfront.net/documents/econTabReport_h1aYmmb.pdf'style='color:#000000; text-decoration: underline;'target='_blank' rel='nofollow noopener'>YouGov</a>^Sponsor: Economist^,"1,420 RV@@1420",0.0948846,42,38,4
"9/22 - 9/24, 2025@@24008",<a href='https://napolitannews.org/posts/generic-ballot-gop-43-percent-dem-41'style='color:#000000; text-decoration: underline;'target='_blank' rel='nofollow noopener'>RMG Research</a>^Sponsor: Napolitan Institute^,"2,000 RV@@2000",0.0894205,45,46,-1
"10/15 - 10/20, 2025@@24034",<a href='https://www.reuters.com/data/which-party-do-americans-want-run-congress-2025-11-05/'style='color:#000000; text-decoration: underline;'target='_blank' rel='nofollow noopener'>Ipsos</a>^Sponsor: Reuters^,"3,439 RV@@3439",0.0891967,39,39,0
"9/5 - 9/7, 2025@@23991",<a href='https://internetforgrowth.com/voter-insights/'style='color:#000000; text-decoration: underline;'target='_blank' rel='nofollow noopener'>Echelon Insights</a>^Sponsor: Internet for Growth^,"1,030 LV@@1030",0.0888238,45,44,1
"12/20 - 12/22, 2025@@24097",<a href='https://d3nkl3psvxxpe9.cloudfront.net/documents/econTabReport_nBgFw7w.pdf'style='color:#000000; text-decoration: underline;'target='_blank' rel='nofollow noopener'>YouGov</a>^Sponsor: Economist^,"1,425 RV@@1425",0.0841599,43,40,3
"8/25 - 8/26, 2025@@23979",<a href='https://emersoncollegepolling.com/august-2025-national/'style='color:#000000; text-decoration: underline;'target='_blank' rel='nofollow noopener'>Emerson College</a>,"1,000 RV@@1000",0.0833519,43.3,43,0.2999992
"8/26 - 9/1, 2025@@23985",<a href='https://www.survey160.com/methodological-research-blog/introducing-the-survey-160-tracking-poll'style='color:#000000; text-decoration: underline;'target='_blank' rel='nofollow noopener'>Survey160</a>,"1,437 RV@@1437",0.0822868,46,39,7
"8/7 - 8/9, 2025@@23962",<a href='https://www.cygn.al/national-poll-69-percent-of-americans-reject-race-based-redistricting-views-on-the-american-dream-on-life-support-and-the-fed-gets-low-marks-on-handling-of-interest-rates/'style='color:#000000; text-decoration: underline;'target='_blank' rel='nofollow noopener'>Cygnal</a>,"1,500 LV@@1500",0.0814072,47.4,46.4,1
"10/24 - 10/28, 2025@@24042",<a href='https://www.washingtonpost.com/documents/1d305cca-df33-44a8-ba8d-c98790a67f99.pdf?itid=lk_inline_manual_4'style='color:#000000; text-decoration: underline;'target='_blank' rel='nofollow noopener'>Ipsos</a>^Sponsor: The Washington Post | ABC News^,"2,203 RV@@2203",0.0809678,46,44,2
"9/4 - 9/11, 2025@@23995",<a href='https://www.claritycampaigns.com/clarity-omnibus-september-2025'style='color:#000000; text-decoration: underline;'target='_blank' rel='nofollow noopener'>Clarity Campaign Labs</a>,"1,001 RV@@1001",0.0784592,50,44,6
"8/21 - 9/1, 2025@@23985",<a href='https://www.cnn.com/2025/09/26/politics/us-politics-negative-sentiment-republicans-democrats'style='color:#000000; text-decoration: underline;'target='_blank' rel='nofollow noopener'>CNN/SSRS</a>,"1,768 RV@@1768",0.0782363,52,48,4
"2/20 - 2/22, 2026@@24159",<a href='https://pro.morningconsult.com/trackers/donald-trump-congress-policy-republicans-polling'style='color:#000000; text-decoration: underline;'target='_blank' rel='nofollow noopener'>Morning Consult</a>,"2,002 RV@@2002",0.0747245,46,42,4
"12/12 - 12/15, 2025@@24090",<a href='https://d3nkl3psvxxpe9.cloudfront.net/documents/econTabReport_FJyfDu9.pdf'style='color:#000000; text-decoration: underline;'target='_blank' rel='nofollow noopener'>YouGov</a>^Sponsor: Economist^,"1,453 RV@@1453",0.0740501,43,39,4
"1/5 - 1/11, 2026@@24117",<a href='https://pro.morningconsult.com/trackers/2026-midterm-election-generic-ballot-polls'style='color:#000000; text-decoration: underline;'target='_blank' rel='nofollow noopener'>Morning Consult</a>,"17,701 RV@@17701",0.072902,45,43,2
"1/12 - 1/18, 2026@@24124",<a href='https://pro.morningconsult.com/trackers/2026-midterm-election-generic-ballot-polls'style='color:#000000; text-decoration: underline;'target='_blank' rel='nofollow noopener'>Morning Consult</a>,"12,505 RV@@12505",0.0716392,45,43,2
"11/14 - 11/17, 2025@@24062",<a href='https://www.reuters.com/data/which-party-do-americans-want-run-congress-2025-11-05/'style='color:#000000; text-decoration: underline;'target='_blank' rel='nofollow noopener'>Ipsos</a>^Sponsor: Reuters^,818 RV@@818,0.0681381,40,39,1
"7/13 - 7/17, 2025@@23939",<a href='https://www.rasmussenreports.com/public_content/politics/mood_of_america/generic_congressional_ballot_july22'style='color:#000000; text-decoration: underline;'target='_blank' rel='nofollow noopener'>Rasmussen Reports</a>,"2,288 LV@@2288",0.0678686,46,42,4
"11/7 - 11/12, 2025@@24057",<a href='https://www.reuters.com/data/which-party-do-americans-want-run-congress-2025-11-05/'style='color:#000000; text-decoration: underline;'target='_blank' rel='nofollow noopener'>Ipsos</a>^Sponsor: Reuters^,938 RV@@938,0.067811,38,36,2
"2/13 - 2/16, 2026@@24153",<a href='https://pro.morningconsult.com/trackers/donald-trump-congress-policy-republicans-polling'style='color:#000000; text-decoration: underline;'target='_blank' rel='nofollow noopener'>Morning Consult</a>,"2,200 RV@@2200",0.0664477,45,41,4
"7/29 - 8/3, 2025@@23956",<a href='https://www.cnbc.com/video/2025/08/07/cnbc-all-america-economic-survey-45-percent-approve-of-pres-trumps-handling-of-the-economy.html'style='color:#000000; text-decoration: underline;'target='_blank' rel='nofollow noopener'>Hart Research Associates/Public Opinion Strategies</a>^Sponsor: CNBC^,800 RV@@800,0.0650989,49,44,5
"8/8 - 8/17, 2025@@23970",<a href='https://www.theargumentmag.com/p/when-americans-bite-their-tongues'style='color:#000000; text-decoration: underline;'target='_blank' rel='nofollow noopener'>The Argument/Verasight</a>,"1,562 RV@@1562",0.0639964,50.7,49.3,1.400002
"7/27 - 7/29, 2025@@23951",<a href='https://www.americaonepolicies.com/polls/selling-the-one-big-beautiful-bill'style='color:#000000; text-decoration: underline;'target='_blank' rel='nofollow noopener'>GrayHouse</a>^Sponsor: America One Policies^,"2,000 RV@@2000",0.0639938,47,44,3
"8/14 - 8/18, 2025@@23971",<a href='https://echeloninsights.com/in-the-news/august-2025-verified-voter-omnibus/'style='color:#000000; text-decoration: underline;'target='_blank' rel='nofollow noopener'>Echelon Insights</a>,"1,057 LV@@1057",0.0623812,47,46,1
"9/15 - 9/19, 2025@@24003",<a href='https://www.gelliottmorris.com/p/new-poll-voters-to-blame-republicans-for-shutdown'style='color:#000000; text-decoration: underline;'target='_blank' rel='nofollow noopener'>Verasight</a>^Sponsor: Strength In Numbers^,"1,268 RV@@1268",0.0623703,50,45,5
"7/13 - 7/18, 2025@@23940",<a href='https://atlasintel.org/poll/usa-national-2025-07-18'style='color:#000000; text-decoration: underline;'target='_blank' rel='nofollow noopener'>AtlasIntel</a>,"1,935 A@@1935",0.0623663,51.3,42.7,8.599998
"7/21 - 7/22, 2025@@23944",<a href='https://www.conchovalleyhomepage.com/news/majority-disapprove-of-trumps-handling-of-epstein-files-emerson-college-polling-survey/'style='color:#000000; text-decoration: underline;'target='_blank' rel='nofollow noopener'>Emerson College</a>^Sponsor: Nexstar^,"1,400 RV@@1400",0.062121,44,41.5,2.5
"10/21 - 10/27, 2025@@24041",<a href='https://mclaughlinonline.com/pols/wp-content/uploads/2025/10/National-October-Presentation-RELEASE.pdf'style='color:#000000; text-decoration: underline;'target='_blank' rel='nofollow noopener'>McLaughlin & Associates</a>,"1,000 RV@@1000",0.0619785,44,46,-2
"12/5 - 12/8, 2025@@24083",<a href='https://d3nkl3psvxxpe9.cloudfront.net/documents/econTabReport_qLhWxpK.pdf'style='color:#000000; text-decoration: underline;'target='_blank' rel='nofollow noopener'>YouGov</a>^Sponsor: Economist^,"1,380 RV@@1380",0.0618508,42,37,5
"12/29, 2025 - 1/4, 2026@@24110",<a href='https://pro.morningconsult.com/trackers/2026-midterm-election-generic-ballot-polls'style='color:#000000; text-decoration: underline;'target='_blank' rel='nofollow noopener'>Morning Consult</a>,"22,709 A@@22709",0.0598083,44,42,2
"2/6 - 2/9, 2026@@24146",<a href='https://pro.morningconsult.com/trackers/donald-trump-congress-policy-republicans-polling#trump-s-performance-on-the-issues'style='color:#000000; text-decoration: underline;'target='_blank' rel='nofollow noopener'>Morning Consult</a>,"2,200 RV@@2200",0.0567557,45,41,4
"10/24 - 10/26, 2025@@24040",<a href='https://www.reuters.com/data/which-party-do-americans-want-run-congress-2025-11-05/'style='color:#000000; text-decoration: underline;'target='_blank' rel='nofollow noopener'>Ipsos</a>^Sponsor: Reuters^,805 RV@@805,0.0531804,41,40,1
"7/16 - 7/20, 2025@@23942","<a href='https://www.wsj.com/politics/elections/trump-approval-rating-poll-july-2025-745b0f5f'style='color:#000000; text-decoration: underline;'target='_blank' rel='nofollow noopener'>Fabrizio, Lee & Associates/Impact Research</a>^Sponsor: The Wall Street Journal^","1,500 RV@@1500",0.0529355,46,43,3
"11/28 - 12/1, 2025@@24076",<a href='https://d3nkl3psvxxpe9.cloudfront.net/documents/econTabReport_szm0BQt.pdf'style='color:#000000; text-decoration: underline;'target='_blank' rel='nofollow noopener'>YouGov</a>^Sponsor: Economist^,"1,456 RV@@1456",0.0520514,45,39,6
"12/15 - 12/21, 2025@@24096",<a href='https://pro.morningconsult.com/trackers/2026-midterm-election-generic-ballot-polls'style='color:#000000; text-decoration: underline;'target='_blank' rel='nofollow noopener'>Morning Consult</a>,"20,240 RV@@20240",0.0518852,44.63,42.35,2.280003
"1/30 - 2/1, 2026@@24138",<a href='https://pro.morningconsult.com/trackers/donald-trump-congress-policy-republicans-polling'style='color:#000000; text-decoration: underline;'target='_blank' rel='nofollow noopener'>Morning Consult</a>,"2,201 RV@@2201",0.0480508,47,42,5
"11/21 - 11/24, 2025@@24069",<a href='https://d3nkl3psvxxpe9.cloudfront.net/documents/econTabReport_uZaQqtv.pdf'style='color:#000000; text-decoration: underline;'target='_blank' rel='nofollow noopener'>YouGov</a>^Sponsor: Economist^,"1,511 RV@@1511",0.048011,44,39,5
"10/3 - 10/7, 2025@@24021",<a href='https://www.reuters.com/data/which-party-do-americans-want-run-congress-2025-11-05/'style='color:#000000; text-decoration: underline;'target='_blank' rel='nofollow noopener'>Ipsos</a>^Sponsor: Reuters^,864 RV@@864,0.0448001,41,38,3
"12/8 - 12/14, 2025@@24089",<a href='https://pro.morningconsult.com/trackers/2026-midterm-election-generic-ballot-polls'style='color:#000000; text-decoration: underline;'target='_blank' rel='nofollow noopener'>Morning Consult</a>,"19,954 RV@@19954",0.0441187,44.19,42.53,1.66
"8/18 - 8/21, 2025@@23974",<a href='https://napolitannews.org/posts/generic-ballot-gop-44-percent-dem-44'style='color:#000000; text-decoration: underline;'target='_blank' rel='nofollow noopener'>RMG Research</a>^Sponsor: Napolitan Institute^,"2,000 RV@@2000",0.0439953,47,47,0
"11/15 - 11/17, 2025@@24062",<a href='https://d3nkl3psvxxpe9.cloudfront.net/documents/econTabReport_Hb6uOe2.pdf'style='color:#000000; text-decoration: underline;'target='_blank' rel='nofollow noopener'>YouGov</a>^Sponsor: Economist^,"1,382 RV@@1382",0.0430775,43,40,3
"11/20 - 11/24, 2025@@24069","<a href='https://www.scribd.com/document/955905163/Yahoo-YouGov-Politics-Poll-November-2025#content=query:election,pageNum:2,indexOnPage:0,bestMatch:false'style='color:#000000; text-decoration: underline;'target='_blank' rel='nofollow noopener'>YouGov</a>^Sponsor: Yahoo News^","1,131 RV@@1131",0.0423123,43,40,3
"1/23 - 1/25, 2026@@24131",<a href='https://pro.morningconsult.com/trackers/donald-trump-congress-policy-republicans-polling'style='color:#000000; text-decoration: underline;'target='_blank' rel='nofollow noopener'>Morning Consult</a>,"2,201 RV@@2201",0.0420215,45,43,2
"11/7 - 11/10, 2025@@24055",<a href='https://d3nkl3psvxxpe9.cloudfront.net/documents/econTabReport_EAdEA3C.pdf'style='color:#000000; text-decoration: underline;'target='_blank' rel='nofollow noopener'>YouGov</a>^Sponsor: The Economist^,"1,499 RV@@1499",0.0413197,46,39,7
"7/24 - 7/31, 2025@@23953",<a href='https://static1.squarespace.com/static/61ae8d5e55be5c7314b4c83a/t/68936b40c111f97bb04773dd/1754491714447/Clarity+Omnibus+Overview+-+July+2025+%5BPUBLIC%5D.pdf'style='color:#000000; text-decoration: underline;'target='_blank' rel='nofollow noopener'>Clarity Campaign Labs</a>,"1,018 RV@@1018",0.0406941,51,43,8
"7/1 - 7/2, 2025@@23924",<a href='https://www.cygn.al/poll-karens-freak-out-over-ice-raids-as-hispanic-support-for-deportations-surges/'style='color:#000000; text-decoration: underline;'target='_blank' rel='nofollow noopener'>Cygnal</a>,"1,500 LV@@1500",0.0394677,47.1,45.7,1.399998
"9/17 - 9/22, 2025@@24006",<a href='https://mclaughlinonline.com/2025/09/30/national-monthly-september-2025/'style='color:#000000; text-decoration: underline;'target='_blank' rel='nofollow noopener'>McLaughlin & Associates</a>,"1,000 LV@@1000",0.039447,41,47,-6
"10/31 - 11/3, 2025@@24048",<a href='https://d3nkl3psvxxpe9.cloudfront.net/documents/econTabReport_5RO6eos.pdf'style='color:#000000; text-decoration: underline;'target='_blank' rel='nofollow noopener'>YouGov</a>^Sponsor: The Economist^,"1,470 RV@@1470",0.0379315,44,41,3
"1/16 - 1/18, 2026@@24124",<a href='https://pro.morningconsult.com/trackers/donald-trump-congress-policy-republicans-polling'style='color:#000000; text-decoration: underline;'target='_blank' rel='nofollow noopener'>Morning Consult</a>,"2,201 RV@@2201",0.0370573,45,43,2
"12/1 - 12/7, 2025@@24082",<a href='https://pro.morningconsult.com/trackers/2026-midterm-election-generic-ballot-polls'style='color:#000000; text-decoration: underline;'target='_blank' rel='nofollow noopener'>Morning Consult</a>,"19,970 RV@@19970",0.0369262,44.22,42.82,1.400002
"7/10 - 7/14, 2025@@23936",<a href='https://echeloninsights.com/in-the-news/july-2025-verified-voter-omnibus-2-2-2-2-2-2-2/'style='color:#000000; text-decoration: underline;'target='_blank' rel='nofollow noopener'>Echelon Insights</a>,"1,084 LV@@1084",0.0360316,47,48,-1
"9/19 - 9/21, 2025@@24005",<a href='https://www.reuters.com/data/which-party-do-americans-want-run-congress-2025-11-05/'style='color:#000000; text-decoration: underline;'target='_blank' rel='nofollow noopener'>Ipsos</a>^Sponsor: Reuters^,799 RV@@799,0.0351733,40,38,2
"8/13 - 8/18, 2025@@23971",<a href='https://www.reuters.com/data/which-party-do-americans-want-run-congress-2025-11-05/'style='color:#000000; text-decoration: underline;'target='_blank' rel='nofollow noopener'>Ipsos</a>^Sponsor: Reuters^,"3,516 RV@@3516",0.0350738,42,37,5
"10/24 - 10/27, 2025@@24041",<a href='https://d3nkl3psvxxpe9.cloudfront.net/documents/econTabReport_0AkNOQp.pdf'style='color:#000000; text-decoration: underline;'target='_blank' rel='nofollow noopener'>YouGov</a>^Sponsor: The Economist^,"1,472 RV@@1472",0.0349806,43,40,3
"1/9 - 1/12, 2026@@24118",<a href='https://pro.morningconsult.com/trackers/donald-trump-congress-policy-republicans-polling'style='color:#000000; text-decoration: underline;'target='_blank' rel='nofollow noopener'>Morning Consult</a>,"2,201 RV@@2201",0.0333791,46,43,3
"8/18 - 8/21, 2025@@23974",<a href='https://www.gelliottmorris.com/p/democrats-lead-the-us-house-generic'style='color:#000000; text-decoration: underline;'target='_blank' rel='nofollow noopener'>Verasight</a>^Sponsor: Strength In Numbers^,"1,500 A@@1500",0.0326853,49,41,8
"11/24 - 11/30, 2025@@24075",<a href='https://pro.morningconsult.com/trackers/2026-midterm-election-generic-ballot-polls'style='color:#000000; text-decoration: underline;'target='_blank' rel='nofollow noopener'>Morning Consult</a>,"21,658 RV@@21658",0.0321421,44,42.42,1.580002
"10/17 - 10/20, 2025@@24034",<a href='https://d3nkl3psvxxpe9.cloudfront.net/documents/econTabReport_yAo1neA.pdf'style='color:#000000; text-decoration: underline;'target='_blank' rel='nofollow noopener'>YouGov</a>^Sponsor: The Economist^,"1,447 RV@@1447",0.0319774,45,40,5
"10/23 - 10/27, 2025@@24041",<a href='https://www.scribd.com/document/940273112/Yahoo-YouGov-Shutdown-Poll-October-2025'style='color:#000000; text-decoration: underline;'target='_blank' rel='nofollow noopener'>YouGov</a>^Sponsor: Yahoo News^,"1,197 RV@@1197",0.0318291,45,40,5
"10/10 - 10/13, 2025@@24027",<a href='https://d3nkl3psvxxpe9.cloudfront.net/documents/econTabReport_GAAzhe0.pdf'style='color:#000000; text-decoration: underline;'target='_blank' rel='nofollow noopener'>YouGov</a>^Sponsor: The Economist^,"1,466 RV@@1466",0.0294914,43,40,3
"6/24 - 6/25, 2025@@23917",<a href='https://emersoncollegepolling.com/june-national-poll/'style='color:#000000; text-decoration: underline;'target='_blank' rel='nofollow noopener'>Emerson College</a>,"1,000 RV@@1000",0.0294603,42.5,39.8,2.700001
"1/2 - 1/4, 2026@@24110",<a href='https://pro.morningconsult.com/trackers/donald-trump-congress-policy-republicans-polling'style='color:#000000; text-decoration: underline;'target='_blank' rel='nofollow noopener'>Morning Consult</a>,"2,201 RV@@2201",0.0290564,45,42,3
"11/17 - 11/23, 2025@@24068",<a href='https://pro.morningconsult.com/trackers/2026-midterm-election-generic-ballot-polls'style='color:#000000; text-decoration: underline;'target='_blank' rel='nofollow noopener'>Morning Consult</a>,"19,675 RV@@19675",0.0286817,43.7,42.11,1.59
"11/10 - 11/16, 2025@@24061",<a href='https://pro.morningconsult.com/trackers/2026-midterm-election-generic-ballot-polls'style='color:#000000; text-decoration: underline;'target='_blank' rel='nofollow noopener'>Morning Consult</a>,"21,313 RV@@21313",0.0274677,43.93,42.52,1.41
"10/4 - 10/6, 2025@@24020",<a href='https://today.yougov.com/politics/articles/53131-government-shutdown-2026-congressional-election-donald-trump-job-approval-the-economy-october-4-6-2025-economist-yougov-poll'style='color:#000000; text-decoration: underline;'target='_blank' rel='nofollow noopener'>YouGov</a>^Sponsor: The Economist^,"1,490 RV@@1490",0.027056,44,39,5
"7/14 - 7/16, 2025@@23938",<a href='https://napolitannews.org/posts/generic-ballot-july-2025-republicans-46-percent-democrats-42'style='color:#000000; text-decoration: underline;'target='_blank' rel='nofollow noopener'>RMG Research</a>^Sponsor: Napolitan Institute^,"2,000 RV@@2000",0.0263581,45,49,-4
"11/3 - 11/9, 2025@@24054",<a href='https://pro.morningconsult.com/trackers/2026-midterm-election-generic-ballot-polls'style='color:#000000; text-decoration: underline;'target='_blank' rel='nofollow noopener'>Morning Consult</a>,"21,394 RV@@21394",0.0255064,43.83,42.3,1.530003
"9/26 - 9/29, 2025@@24013",<a href='https://today.yougov.com/politics/articles/53094-donald-trump-approval-rebound-government-shutdown-chances-james-comey-flu-covid-vaccines-economy-september-26-29-2025-economist-yougov-poll'style='color:#000000; text-decoration: underline;'target='_blank' rel='nofollow noopener'>YouGov</a>^Sponsor: The Economist^,"1,518 RV@@1518",0.0245546,44,41,3
"10/27 - 11/2, 2025@@24047",<a href='https://pro.morningconsult.com/trackers/2026-midterm-election-generic-ballot-polls'style='color:#000000; text-decoration: underline;'target='_blank' rel='nofollow noopener'>Morning Consult</a>,"22,207 RV@@22207",0.0239751,43.25,42.9,0.3499985
"6/23 - 6/25, 2025@@23917",<a href='https://www.americanpulse.us/thankyou-pollresults-publicopinion-post-landscape-shaping-events-2'style='color:#000000; text-decoration: underline;'target='_blank' rel='nofollow noopener'>American Pulse Research & Polling</a>,633 RV@@633,0.0237677,46.6,42.4,4.199997
"12/19 - 12/21, 2025@@24096",<a href='https://pro.morningconsult.com/trackers/donald-trump-congress-policy-republicans-polling'style='color:#000000; text-decoration: underline;'target='_blank' rel='nofollow noopener'>Morning Consult</a>,"2,203 RV@@2203",0.0223086,47,43,4
"10/16 - 10/20, 2025@@24034",<a href='https://www.uml.edu/docs/2025-National-Oct-Highlights_tcm18-411272.pdf'style='color:#000000; text-decoration: underline;'target='_blank' rel='nofollow noopener'>YouGov</a>^Sponsor: University of Massachusetts Lowell^,"1,000 A@@1000",0.0222489,38,35,3
"10/20 - 10/26, 2025@@24040",<a href='https://pro.morningconsult.com/trackers/2026-midterm-election-generic-ballot-polls'style='color:#000000; text-decoration: underline;'target='_blank' rel='nofollow noopener'>Morning Consult</a>,"21,290 RV@@21290",0.0217833,43.71,41.77,1.939999
"8/22 - 8/24, 2025@@23977",<a href='https://www.reuters.com/data/which-party-do-americans-want-run-congress-2025-11-05/'style='color:#000000; text-decoration: underline;'target='_blank' rel='nofollow noopener'>Ipsos</a>^Sponsor: Reuters^,895 RV@@895,0.0214857,36,39,-3
"9/25 - 9/29, 2025@@24013",<a href='https://www.yahoo.com/entertainment/tv/article/poll-americans-approve-of-jimmy-kimmels-return-to-tv-by-a-more-than-2-to-1-margin-183746388.html'style='color:#000000; text-decoration: underline;'target='_blank' rel='nofollow noopener'>YouGov</a>^Sponsor: Yahoo News^,"1,126 RV@@1126",0.0214428,44,40,4
"9/19 - 9/22, 2025@@24006",<a href='https://d3nkl3psvxxpe9.cloudfront.net/documents/econtoplines_EYduduY.pdf'style='color:#000000; text-decoration: underline;'target='_blank' rel='nofollow noopener'>YouGov</a>^Sponsor: The Economist^,"1,392 RV@@1392",0.0210857,45,42,3
"7/14 - 7/16, 2025@@23938",<a href='https://www.gelliottmorris.com/p/new-poll-dems-lead-house-generic'style='color:#000000; text-decoration: underline;'target='_blank' rel='nofollow noopener'>Verasight</a>^Sponsor: Strength In Numbers^,"1,500 A@@1500",0.0206114,47,43,4
"10/13 - 10/19, 2025@@24033",<a href='https://pro.morningconsult.com/trackers/2026-midterm-election-generic-ballot-polls'style='color:#000000; text-decoration: underline;'target='_blank' rel='nofollow noopener'>Morning Consult</a>,"21,829 RV@@21829",0.02026,44.49,42.4,2.09
"6/19 - 6/21, 2025@@23913",<a href='https://www.cygn.al/poll-bitcoin-owners-lean-republican-emerging-as-sought-after-voting-bloc-in-2026-elections/'style='color:#000000; text-decoration: underline;'target='_blank' rel='nofollow noopener'>Cygnal</a>,800 LV@@800,0.0201353,48.4,46,2.400002
"12/12 - 12/15, 2025@@24090",<a href='https://pro.morningconsult.com/trackers/donald-trump-congress-policy-republicans-polling'style='color:#000000; text-decoration: underline;'target='_blank' rel='nofollow noopener'>Morning Consult</a>,"2,201 RV@@2201",0.0195843,45,44,1
"8/21 - 8/26, 2025@@23979",<a href='https://mclaughlinonline.com/2025/09/02/national-monthly-august-2025/?utm_source=rss&utm_medium=rss&utm_campaign=national-monthly-august-2025'style='color:#000000; text-decoration: underline;'target='_blank' rel='nofollow noopener'>McLaughlin & Associates</a>,"1,000 LV@@1000",0.0186914,45,47,-2
"9/12 - 9/15, 2025@@23999",<a href='https://d3nkl3psvxxpe9.cloudfront.net/documents/econtoplines_XBYs983.pdf'style='color:#000000; text-decoration: underline;'target='_blank' rel='nofollow noopener'>YouGov</a>^Sponsor: The Economist^,"1,420 RV@@1420",0.0185674,43,41,2
"10/6 - 10/12, 2025@@24026",<a href='https://pro.morningconsult.com/trackers/2026-midterm-election-generic-ballot-polls'style='color:#000000; text-decoration: underline;'target='_blank' rel='nofollow noopener'>Morning Consult</a>,"21,246 RV@@21246",0.0183621,44.39,42.71,1.68
"6/12 - 6/14, 2025@@23906",<a href='https://www.winningtheissues.org/2025/06/30/winning-the-issues-june-2025-national-survey/'style='color:#000000; text-decoration: underline;'target='_blank' rel='nofollow noopener'>The Winston Group</a>^Sponsor: Winning the Issues^,"1,000 RV@@1000",0.0172892,46,42,4
"9/29 - 10/5, 2025@@24019",<a href='https://pro.morningconsult.com/trackers/2026-midterm-election-generic-ballot-polls'style='color:#000000; text-decoration: underline;'target='_blank' rel='nofollow noopener'>Morning Consult</a>,"21,493 RV@@21493",0.0167646,43.89,43.29,0.5999985
"6/17 - 6/18, 2025@@23910",<a href='https://echeloninsights.com/in-the-news/middle-east-update/'style='color:#000000; text-decoration: underline;'target='_blank' rel='nofollow noopener'>Echelon Insights</a>,"1,002 LV@@1002",0.0164321,47,48,-1
"7/25 - 7/27, 2025@@23949",<a href='https://www.reuters.com/data/which-party-do-americans-want-run-congress-2025-11-05/'style='color:#000000; text-decoration: underline;'target='_blank' rel='nofollow noopener'>Ipsos</a>^Sponsor: Reuters^,884 RV@@884,0.0163884,40,39,1
"9/5 - 9/8, 2025@@23992",<a href='https://d3nkl3psvxxpe9.cloudfront.net/documents/econtoplines_7flqP0S.pdf'style='color:#000000; text-decoration: underline;'target='_blank' rel='nofollow noopener'>YouGov</a>^Sponsor: The Economist^,"1,487 RV@@1487",0.0161492,44,40,4
"12/5 - 12/7, 2025@@24082",<a href='https://pro.morningconsult.com/trackers/donald-trump-congress-policy-republicans-polling'style='color:#000000; text-decoration: underline;'target='_blank' rel='nofollow noopener'>Morning Consult</a>,"2,201 RV@@2201",0.0161361,46,43,3
"6/12 - 6/16, 2025@@23908",<a href='https://coefficient.org/one-big-beautiful-bill/'style='color:#000000; text-decoration: underline;'target='_blank' rel='nofollow noopener'>co/efficient</a>,"1,035 LV@@1035",0.0154966,46,46,0
"9/22 - 9/28, 2025@@24012",<a href='https://pro.morningconsult.com/trackers/2026-midterm-election-generic-ballot-polls'style='color:#000000; text-decoration: underline;'target='_blank' rel='nofollow noopener'>Morning Consult</a>,"21,732 RV@@21732",0.0150599,43.37,42.96,0.4099998
"6/12 - 6/17, 2025@@23909",<a href='https://echeloninsights.com/in-the-news/june-2025-verified-voter-omnibus-2-2-2-2-2-2/'style='color:#000000; text-decoration: underline;'target='_blank' rel='nofollow noopener'>Echelon Insights</a>,982 LV@@982,0.0140258,47,48,-1
"8/29 - 9/2, 2025@@23986",<a href='https://d3nkl3psvxxpe9.cloudfront.net/documents/econtoplines_yFjgYJq.pdf'style='color:#000000; text-decoration: underline;'target='_blank' rel='nofollow noopener'>YouGov</a>^Sponsor: The Economist^,"1,549 RV@@1549",0.0135846,43,39,4
"7/21 - 7/24, 2025@@23946",<a href='https://americasnewmajorityproject.com/winning-with-one-big-beautiful-bill/'style='color:#000000; text-decoration: underline;'target='_blank' rel='nofollow noopener'>McLaughlin & Associates</a>^Sponsor: America's New Majority Project^,"1,633 LV@@1633",0.0131554,48,43.9,4.099998
"9/15 - 9/21, 2025@@24005",<a href='https://pro.morningconsult.com/trackers/2026-midterm-election-generic-ballot-polls'style='color:#000000; text-decoration: underline;'target='_blank' rel='nofollow noopener'>Morning Consult</a>,"21,386 RV@@21386",0.0131419,43.87,42.74,1.129997
"11/26 - 11/30, 2025@@24075",<a href='https://pro.morningconsult.com/trackers/donald-trump-congress-policy-republicans-polling'style='color:#000000; text-decoration: underline;'target='_blank' rel='nofollow noopener'>Morning Consult</a>,"2,200 RV@@2200",0.0130195,45,41,4
"11/21 - 11/23, 2025@@24068",<a href='https://pro.morningconsult.com/trackers/donald-trump-congress-policy-republicans-polling'style='color:#000000; text-decoration: underline;'target='_blank' rel='nofollow noopener'>Morning Consult</a>,"2,200 RV@@2200",0.0122029,45,43,2
"8/29 - 9/2, 2025@@23986",<a href='https://www.scribd.com/document/911899946/Yahoo-YouGov-Newsom-Poll-August-2025'style='color:#000000; text-decoration: underline;'target='_blank' rel='nofollow noopener'>YouGov</a>^Sponsor: Yahoo News^,"1,136 RV@@1136",0.0119999,44,40,4
"8/22 - 8/25, 2025@@23978",<a href='https://d3nkl3psvxxpe9.cloudfront.net/documents/econtoplines_ziFpJLd.pdf'style='color:#000000; text-decoration: underline;'target='_blank' rel='nofollow noopener'>YouGov</a>^Sponsor: The Economist^,"1,377 RV@@1377",0.0117528,43,41,2
"9/8 - 9/14, 2025@@23998",<a href='https://pro.morningconsult.com/trackers/2026-midterm-election-generic-ballot-polls'style='color:#000000; text-decoration: underline;'target='_blank' rel='nofollow noopener'>Morning Consult</a>,"23,465 RV@@23465",0.0117154,43.89,42.44,1.450001
"11/14 - 11/16, 2025@@24061",<a href='https://pro.morningconsult.com/trackers/donald-trump-congress-policy-republicans-polling'style='color:#000000; text-decoration: underline;'target='_blank' rel='nofollow noopener'>Morning Consult</a>,"2,201 RV@@2201",0.0113205,46,44,2
"8/15 - 8/18, 2025@@23971",<a href='https://d3nkl3psvxxpe9.cloudfront.net/documents/econtoplines_ep7WXyn.pdf'style='color:#000000; text-decoration: underline;'target='_blank' rel='nofollow noopener'>YouGov</a>^Sponsor: The Economist^,"1,408 RV@@1408",0.0111946,44,39,5
"8/9 - 8/11, 2025@@23964",<a href='https://d3nkl3psvxxpe9.cloudfront.net/documents/econtoplines_V8D6b4L.pdf'style='color:#000000; text-decoration: underline;'target='_blank' rel='nofollow noopener'>YouGov</a>^Sponsor: The Economist^,"1,474 RV@@1474",0.0107201,42,40,2
"11/7 - 11/9, 2025@@24054",<a href='https://pro.morningconsult.com/trackers/donald-trump-congress-policy-republicans-polling'style='color:#000000; text-decoration: underline;'target='_blank' rel='nofollow noopener'>Morning Consult</a>,"2,201 RV@@2201",0.0104982,48,43,5
"6/6 - 6/6, 2025@@23898",<a href='https://www.dailymail.co.uk/news/article-14796175/polling-donald-trump-2024-election-elon-musk.html'style='color:#000000; text-decoration: underline;'target='_blank' rel='nofollow noopener'>J.L. Partners</a>^Sponsor: DailyMail.com^,"1,006 RV@@1006",0.0102617,42,35,7
"8/1 - 8/4, 2025@@23957",<a href='https://today.yougov.com/topics/politics/trackers/congressional-ballot-voting-intention'style='color:#000000; text-decoration: underline;'target='_blank' rel='nofollow noopener'>YouGov</a>^Sponsor: The Economist^,"1,528 RV@@1528",0.0101322,43.7,38.4,5.299999
"9/1 - 9/7, 2025@@23991",<a href='https://pro.morningconsult.com/trackers/2026-midterm-election-generic-ballot-polls'style='color:#000000; text-decoration: underline;'target='_blank' rel='nofollow noopener'>Morning Consult</a>,"25,541 RV@@25541",0.0101193,44.22,42.09,2.130001
"10/31 - 11/2, 2025@@24047",<a href='https://pro.morningconsult.com/trackers/donald-trump-congress-policy-republicans-polling'style='color:#000000; text-decoration: underline;'target='_blank' rel='nofollow noopener'>Morning Consult</a>,"2,202 RV@@2202",0.009728,45,42,3
"6/11 - 6/16, 2025@@23908",<a href='https://www.reuters.com/data/which-party-do-americans-want-run-congress-2025-11-05/'style='color:#000000; text-decoration: underline;'target='_blank' rel='nofollow noopener'>Ipsos</a>^Sponsor: Reuters^,"3,458 RV@@3458",0.0097054,40,38,2
"7/25 - 7/28, 2025@@23950",<a href='https://today.yougov.com/topics/politics/trackers/congressional-ballot-voting-intention'style='color:#000000; text-decoration: underline;'target='_blank' rel='nofollow noopener'>YouGov</a>^Sponsor: The Economist^,"1,610 RV@@1610",0.0095383,43,41,2
"6/18 - 6/19, 2025@@23911",<a href='https://napolitannews.org/posts/generic-ballot-gop-holds-largest-lead-of-the-year'style='color:#000000; text-decoration: underline;'target='_blank' rel='nofollow noopener'>RMG Research</a>^Sponsor: Napolitan Institute^,"1,000 RV@@1000",0.0094618,44,52,-8
"10/24 - 10/26, 2025@@24040",<a href='https://pro.morningconsult.com/trackers/donald-trump-congress-policy-republicans-polling'style='color:#000000; text-decoration: underline;'target='_blank' rel='nofollow noopener'>Morning Consult</a>,"2,202 RV@@2202",0.0089956,45,42,3
"7/18 - 7/21, 2025@@23943",<a href='https://today.yougov.com/topics/politics/trackers/congressional-ballot-voting-intention'style='color:#000000; text-decoration: underline;'target='_blank' rel='nofollow noopener'>YouGov</a>^Sponsor: The Economist^,"1,551 RV@@1551",0.0085781,44,41,3
"6/5 - 6/14, 2025@@23906",<a href='https://static1.squarespace.com/static/61ae8d5e55be5c7314b4c83a/t/6852fc5a3ac4c05449fc450e/1750269023826/Clarity+Omnibus+Overview+-+June+2025+%5BPUBLIC%5D.pdf'style='color:#000000; text-decoration: underline;'target='_blank' rel='nofollow noopener'>Clarity Campaign Labs</a>,"1,000 RV@@1000",0.0085449,50,45,5
"8/25 - 8/31, 2025@@23984",<a href='https://pro.morningconsult.com/trackers/2026-midterm-election-generic-ballot-polls'style='color:#000000; text-decoration: underline;'target='_blank' rel='nofollow noopener'>Morning Consult</a>,"26,531 RV@@26531",0.0084601,43.81,42.4,1.41
"6/20 - 6/23, 2025@@23915",<a href='https://www.reuters.com/data/which-party-do-americans-want-run-congress-2025-11-05/'style='color:#000000; text-decoration: underline;'target='_blank' rel='nofollow noopener'>Ipsos</a>^Sponsor: Reuters^,994 RV@@994,0.0084282,40,36,4
"7/9 - 7/14, 2025@@23936",<a href='https://mclaughlinonline.com/2025/07/17/ma-poll-national-monthly-july-2025/'style='color:#000000; text-decoration: underline;'target='_blank' rel='nofollow noopener'>McLaughlin & Associates</a>,"1,000 LV@@1000",0.0083932,42,47,-5
"10/17 - 10/19, 2025@@24033",<a href='https://pro.morningconsult.com/trackers/donald-trump-congress-policy-republicans-polling'style='color:#000000; text-decoration: underline;'target='_blank' rel='nofollow noopener'>Morning Consult</a>,"2,200 RV@@2200",0.0082898,46,43,3
"7/24 - 7/28, 2025@@23950",<a href='https://d3nkl3psvxxpe9.cloudfront.net/documents/20250728_yahoo.pdf'style='color:#000000; text-decoration: underline;'target='_blank' rel='nofollow noopener'>YouGov</a>^Sponsor: Yahoo News^,"1,167 RV@@1167",0.0082846,46,39,7
"8/18 - 8/24, 2025@@23977",<a href='https://pro.morningconsult.com/trackers/2026-midterm-election-generic-ballot-polls'style='color:#000000; text-decoration: underline;'target='_blank' rel='nofollow noopener'>Morning Consult</a>,"27,673 RV@@27673",0.0080421,44.05,42.24,1.809998
"6/3 - 6/4, 2025@@23896",<a href='https://www.cygn.al/national-poll-record-number-say-nation-is-on-right-track-voters-back-trumps-one-big-beautiful-bill-for-tax-relief-and-border-security/'style='color:#000000; text-decoration: underline;'target='_blank' rel='nofollow noopener'>Cygnal</a>,"1,500 LV@@1500",0.0078895,47.2,46.9,0.2999992
"10/10 - 10/12, 2025@@24026",<a href='https://pro.morningconsult.com/trackers/donald-trump-congress-policy-republicans-polling'style='color:#000000; text-decoration: underline;'target='_blank' rel='nofollow noopener'>Morning Consult</a>,"2,202 RV@@2202",0.0076102,46,43,3
"7/11 - 7/14, 2025@@23936",<a href='https://today.yougov.com/topics/politics/trackers/congressional-ballot-voting-intention'style='color:#000000; text-decoration: underline;'target='_blank' rel='nofollow noopener'>YouGov</a>^Sponsor: The Economist^,"1,506 RV@@1506",0.0076082,43,39,4
"8/11 - 8/17, 2025@@23970",<a href='https://pro.morningconsult.com/trackers/2026-midterm-election-generic-ballot-polls'style='color:#000000; text-decoration: underline;'target='_blank' rel='nofollow noopener'>Morning Consult</a>,"27,248 RV@@27248",0.0074346,43.93,42.88,1.049999
"10/3 - 10/5, 2025@@24019",<a href='https://pro.morningconsult.com/analysis/government-shutdown-polling-october-2025'style='color:#000000; text-decoration: underline;'target='_blank' rel='nofollow noopener'>Morning Consult</a>,"2,200 RV@@2200",0.0069355,46,43,3
"8/4 - 8/10, 2025@@23963",<a href='https://pro.morningconsult.com/trackers/2026-midterm-election-generic-ballot-polls'style='color:#000000; text-decoration: underline;'target='_blank' rel='nofollow noopener'>Morning Consult</a>,"26,631 RV@@26631",0.0067946,43.79,42.66,1.130001
"7/4 - 7/7, 2025@@23929",<a href='https://today.yougov.com/topics/politics/trackers/congressional-ballot-voting-intention'style='color:#000000; text-decoration: underline;'target='_blank' rel='nofollow noopener'>YouGov</a>^Sponsor: The Economist^,"1,389 RV@@1389",0.0064667,43,40,3
"7/28 - 8/3, 2025@@23956",<a href='https://pro.morningconsult.com/trackers/2026-midterm-election-generic-ballot-polls'style='color:#000000; text-decoration: underline;'target='_blank' rel='nofollow noopener'>Morning Consult</a>,"27,432 RV@@27432",0.0062625,43.68,42.53,1.150002
"6/6 - 6/12, 2025@@23904",<a href='https://www.gelliottmorris.com/p/trump-approval-at-42-democrats-up'style='color:#000000; text-decoration: underline;'target='_blank' rel='nofollow noopener'>Verasight</a>^Sponsor: Strength In Numbers^,"1,500 A@@1500",0.0060686,45,37,8
"7/21 - 7/27, 2025@@23949",<a href='https://pro.morningconsult.com/trackers/2026-midterm-election-generic-ballot-polls'style='color:#000000; text-decoration: underline;'target='_blank' rel='nofollow noopener'>Morning Consult</a>,"28,524 RV@@28524",0.0057135,44.07,42.19,1.880001
"6/27 - 6/30, 2025@@23922",<a href='https://today.yougov.com/topics/politics/trackers/congressional-ballot-voting-intention'style='color:#000000; text-decoration: underline;'target='_blank' rel='nofollow noopener'>YouGov</a>^Sponsor: The Economist^,"1,491 RV@@1491",0.0056638,44,40,4
"6/9 - 6/9, 2025@@23901",<a href='https://napolitannews.org/posts/musk-3rd-party-would-get-8-percent-of-voters'style='color:#000000; text-decoration: underline;'target='_blank' rel='nofollow noopener'>RMG Research</a>^Sponsor: Napolitan Institute^,"1,000 RV@@1000",0.0052411,35,35,0
"7/14 - 7/20, 2025@@23942",<a href='https://pro.morningconsult.com/trackers/2026-midterm-election-generic-ballot-polls'style='color:#000000; text-decoration: underline;'target='_blank' rel='nofollow noopener'>Morning Consult</a>,"28,190 RV@@28190",0.0050322,44.32,42.59,1.73
"6/20 - 6/23, 2025@@23915",<a href='https://today.yougov.com/topics/politics/trackers/congressional-ballot-voting-intention'style='color:#000000; text-decoration: underline;'target='_blank' rel='nofollow noopener'>YouGov</a>^Sponsor: The Economist^,"1,455 RV@@1455",0.0045594,44,40,4
"7/7 - 7/13, 2025@@23935",<a href='https://pro.morningconsult.com/trackers/2026-midterm-election-generic-ballot-polls'style='color:#000000; text-decoration: underline;'target='_blank' rel='nofollow noopener'>Morning Consult</a>,"28,276 RV@@28276",0.0043661,44.72,42.75,1.970001
"6/30 - 7/6, 2025@@23928",<a href='https://pro.morningconsult.com/trackers/2026-midterm-election-generic-ballot-polls'style='color:#000000; text-decoration: underline;'target='_blank' rel='nofollow noopener'>Morning Consult</a>,"27,913 RV@@27913",0.0036618,44.36,42.51,1.850002
"6/12 - 6/15, 2025@@23907",<a href='https://americasnewmajorityproject.com/how-to-talk-about-taxes-and-the-budget-bill-what-voters-respond-to-best/'style='color:#000000; text-decoration: underline;'target='_blank' rel='nofollow noopener'>McLaughlin & Associates</a>^Sponsor: America's New Majority Project^,"1,637 LV@@1637",0.003553,47.2,46.4,0.7999992
"6/13 - 6/16, 2025@@23908",<a href='https://today.yougov.com/topics/politics/trackers/congressional-ballot-voting-intention'style='color:#000000; text-decoration: underline;'target='_blank' rel='nofollow noopener'>YouGov</a>^Sponsor: The Economist^,"1,351 RV@@1351",0.0033228,44,41,3
"8/29 - 8/31, 2025@@23984",<a href='https://links.morningconsult.com/s/vb/zpOJTp1fd-BIR_rEUoDVVpbxjXadg6zyKojmasnqASm1Hp621kq0xaatdElmOwOyNR5BxVXYL1h85IVSEMQ-rZTd-Yz0U-hjJgu1WfIkrldD66UKOSCLbrYHiSzLtKjUuUOD33LEK9wVgTQl22Ic8BUrAP0z3AlRWdSJsA/dAaqMr_Kzp13zZAl6CKc8AYgFM7Csr5U/12'style='color:#000000; text-decoration: underline;'target='_blank' rel='nofollow noopener'>Morning Consult</a>,"2,202 RV@@2202",0.0032572,45,41,4
"6/23 - 6/29, 2025@@23921",<a href='https://pro.morningconsult.com/trackers/2026-midterm-election-generic-ballot-polls'style='color:#000000; text-decoration: underline;'target='_blank' rel='nofollow noopener'>Morning Consult</a>,"27,694 RV@@27694",0.0029554,43.58,43.34,0.2400017
"6/10 - 6/15, 2025@@23907",<a href='https://mclaughlinonline.com/pols/wp-content/uploads/2025/06/National-June-Presentation-RELEASE-6-16-25.pdf'style='color:#000000; text-decoration: underline;'target='_blank' rel='nofollow noopener'>McLaughlin & Associates</a>,"1,000 LV@@1000",0.0027398,42,47,-5
"6/16 - 6/22, 2025@@23914",<a href='https://pro.morningconsult.com/trackers/2026-midterm-election-generic-ballot-polls'style='color:#000000; text-decoration: underline;'target='_blank' rel='nofollow noopener'>Morning Consult</a>,"28,021 RV@@28021",0.0022634,43.99,43.73,0.2600021
"6/9 - 6/11, 2025@@23903",<a href='https://www.clubforgrowth.org/icymi-new-cfg-poll-finds-vast-majority-of-republicans-democrats-support-school-freedom-bills/'style='color:#000000; text-decoration: underline;'target='_blank' rel='nofollow noopener'>McLaughlin & Associates</a>^Sponsor: Club for Growth (PAC)^,"1,000 LV@@1000",0.0022202,44,46,-2
"6/6 - 6/9, 2025@@23901",<a href='https://today.yougov.com/topics/politics/trackers/congressional-ballot-voting-intention'style='color:#000000; text-decoration: underline;'target='_blank' rel='nofollow noopener'>YouGov</a>^Sponsor: The Economist^,"1,397 RV@@1397",0.0021525,44,43,1
"6/9 - 6/15, 2025@@23907",<a href='https://pro.morningconsult.com/trackers/2026-midterm-election-generic-ballot-polls'style='color:#000000; text-decoration: underline;'target='_blank' rel='nofollow noopener'>Morning Consult</a>,"28,058 RV@@28058",0.0015536,43.68,44.94,-1.259998
"6/2 - 6/8, 2025@@23900",<a href='https://pro.morningconsult.com/trackers/2026-midterm-election-generic-ballot-polls'style='color:#000000; text-decoration: underline;'target='_blank' rel='nofollow noopener'>Morning Consult</a>,"28,551 RV@@28551",0.0008409,42.98,45.28,-2.299999
"5/30 - 6/2, 2025@@23894",<a href='https://d3nkl3psvxxpe9.cloudfront.net/documents/econtoplines_uOptfZ9.pdf'style='color:#000000; text-decoration: underline;'target='_blank' rel='nofollow noopener'>YouGov</a>^Sponsor: The Economist^,"1,436 RV@@1436",0.0008309,44,42,2
"5/26 - 6/1, 2025@@23893",<a href='https://pro.morningconsult.com/trackers/2026-midterm-election-generic-ballot-polls'style='color:#000000; text-decoration: underline;'target='_blank' rel='nofollow noopener'>Morning Consult</a>,"29,002 RV@@29002",0.0001068,43.67,44.28,-0.6100006
"5/21 - 5/27, 2025@@23888",<a href='https://cdn.atlasintel.org/20c89f8f-d65e-4991-a491-388ae96986c9.pdf'style='color:#000000; text-decoration: underline;'target='_blank' rel='nofollow noopener'>AtlasIntel</a>,"3,469 A@@3469",0,50.9,41.7,9.200001
"5/23 - 5/26, 2025@@23887",<a href='https://today.yougov.com/topics/politics/trackers/congressional-ballot-voting-intention'style='color:#000000; text-decoration: underline;'target='_blank' rel='nofollow noopener'>YouGov</a>^Sponsor: The Economist^,"1,486 RV@@1486",0,43,41,2
"5/21 - 5/26, 2025@@23887",<a href='https://mclaughlinonline.com/pols/wp-content/uploads/2025/05/National-May-Presentation-RELEASE-05-27-25.pdf'style='color:#000000; text-decoration: underline;'target='_blank' rel='nofollow noopener'>McLaughlin & Associates</a>,"1,000 LV@@1000",0,43,47,-4
"5/19 - 5/25, 2025@@23886",<a href='https://pro.morningconsult.com/trackers/2026-midterm-election-generic-ballot-polls'style='color:#000000; text-decoration: underline;'target='_blank' rel='nofollow noopener'>Morning Consult</a>,"28,855 RV@@28855",0,43.21,44.82,-1.610001
"5/20 - 5/21, 2025@@23882",<a href='https://napolitannews.org/posts/generic-ballot-gop-43-percent-dem-43'style='color:#000000; text-decoration: underline;'target='_blank' rel='nofollow noopener'>RMG Research</a>^Sponsor: Napolitan Institute^,"1,000 RV@@1000",0,48,45,3
"5/15 - 5/19, 2025@@23880",<a href='https://pinpointpolicyinstitute.org/pinpoint-policy-institute-quarterly-economic-tracking-poll/'style='color:#000000; text-decoration: underline;'target='_blank' rel='nofollow noopener'>Fabrizio Ward</a>^Sponsor: Pinpoint Policy Institute^,800 RV@@800,0,42,42,0
"5/16 - 5/19, 2025@@23880",<a href='https://today.yougov.com/topics/politics/trackers/congressional-ballot-voting-intention'style='color:#000000; text-decoration: underline;'target='_blank' rel='nofollow noopener'>YouGov</a>^Sponsor: Economist^,"1,558 RV@@1558",0,43,42,1
"5/16 - 5/19, 2025@@23880",<a href='https://today.yougov.com/topics/politics/trackers/congressional-ballot-voting-intention'style='color:#000000; text-decoration: underline;'target='_blank' rel='nofollow noopener'>YouGov</a>^Sponsor: The Economist^,"1,558 RV@@1558",0,43,42,1
"5/12 - 5/18, 2025@@23879",<a href='https://pro.morningconsult.com/trackers/2026-midterm-election-generic-ballot-polls'style='color:#000000; text-decoration: underline;'target='_blank' rel='nofollow noopener'>Morning Consult</a>,"28,103 RV@@28103",0,43.26,44.45,-1.190002
"5/16 - 5/18, 2025@@23879",<a href='https://www.reuters.com/data/which-party-do-americans-want-run-congress-2025-11-05/'style='color:#000000; text-decoration: underline;'target='_blank' rel='nofollow noopener'>Ipsos</a>^Sponsor: Reuters^,885 RV@@885,0,40,39,1
"5/14 - 5/16, 2025@@23877",<a href='https://www.rasmussenreports.com/public_content/archive/mood_of_america_archive/generic_congressional_ballot/democrats_have_slim_lead_in_early_2026_congressional_forecast'style='color:#000000; text-decoration: underline;'target='_blank' rel='nofollow noopener'>Rasmussen Reports</a>,"1,012 LV@@1012",0,45,44,1
"5/8 - 5/12, 2025@@23873",<a href='https://echeloninsights.com/in-the-news/may-2025-verified-voter-omnibus-2-2-2-2-2/'style='color:#000000; text-decoration: underline;'target='_blank' rel='nofollow noopener'>Echelon Insights</a>,"1,000 LV@@1000",0,47,48,-1
"5/5 - 5/11, 2025@@23872",<a href='https://pro.morningconsult.com/trackers/2026-midterm-election-generic-ballot-polls'style='color:#000000; text-decoration: underline;'target='_blank' rel='nofollow noopener'>Morning Consult</a>,"27,882 RV@@27882",0,43.35,44.53,-1.18
"5/7 - 5/9, 2025@@23870",<a href='https://coefficient.org/national-approval-study/'style='color:#000000; text-decoration: underline;'target='_blank' rel='nofollow noopener'>co/efficient</a>,"1,462 LV@@1462",0,45,42,3
"5/6 - 5/8, 2025@@23869",<a href='https://www.cygn.al/poll-aoc-more-popular-than-schumer-trump-image-improving-republicans-decimating-democrats-on-key-issue-trust-and-more/'style='color:#000000; text-decoration: underline;'target='_blank' rel='nofollow noopener'>Cygnal</a>,"1,500 LV@@1500",0,47.1,46.6,0.5
"5/1 - 5/6, 2025@@23867",<a href='https://www.gelliottmorris.com/p/new-poll-americans-oppose-trumps'style='color:#000000; text-decoration: underline;'target='_blank' rel='nofollow noopener'>Verasight</a>^Sponsor: Strength In Numbers^,"1,000 A@@1000",0,47,41,6
"4/28 - 5/4, 2025@@23865",<a href='https://pro.morningconsult.com/trackers/2026-midterm-election-generic-ballot-polls'style='color:#000000; text-decoration: underline;'target='_blank' rel='nofollow noopener'>Morning Consult</a>,"25,876 RV@@25876",0,44.38,43.51,0.8700027
"4/29 - 4/30, 2025@@23861",<a href='https://my.wick.io/analysis/shared/item/859BF9A4-407C-4E48-9DCF-C5F6A33B0CDA/view'style='color:#000000; text-decoration: underline;'target='_blank' rel='nofollow noopener'>Wick</a>^Sponsor: 2Way^,"1,000 RV@@1000",0,42,39,3
"4/22 - 4/29, 2025@@23860",<a href='https://mclaughlinonline.com/pols/wp-content/uploads/2025/05/National-April-Presentation-RELEASE-04-29-25.pdf'style='color:#000000; text-decoration: underline;'target='_blank' rel='nofollow noopener'>McLaughlin & Associates</a>,"1,000 LV@@1000",0,43,45,-2
"4/23 - 4/27, 2025@@23858",<a href='https://www.newsnationnow.com/politics/recession-inflation-immigration-ddhq-poll/'style='color:#000000; text-decoration: underline;'target='_blank' rel='nofollow noopener'>NewsNation</a>,"1,448 RV@@1448",0,45,40,5
"4/25 - 4/27, 2025@@23858",<a href='https://www.reuters.com/data/which-party-do-americans-want-run-congress-2025-11-05/'style='color:#000000; text-decoration: underline;'target='_blank' rel='nofollow noopener'>Ipsos</a>^Sponsor: Reuters^,897 RV@@897,0,40,39,1
"4/21 - 4/27, 2025@@23858",<a href='https://pro.morningconsult.com/trackers/2026-midterm-election-generic-ballot-polls'style='color:#000000; text-decoration: underline;'target='_blank' rel='nofollow noopener'>Morning Consult</a>,"25,544 RV@@25544",0,44.09,43.14,0.9500008
"4/21 - 4/24, 2025@@23855",<a href='https://www.nytimes.com/2025/04/25/us/politics/trump-poll-approval.html'style='color:#000000; text-decoration: underline;'target='_blank' rel='nofollow noopener'>The New York Times/Siena College</a>,913 RV@@913,0,47,44,3
"4/18 - 4/21, 2025@@23852",<a href='https://www.foxnews.com/official-polls/fox-news-poll-democrats-favorability-hits-new-low-still-favored-over-gop-2026-midterms'style='color:#000000; text-decoration: underline;'target='_blank' rel='nofollow noopener'>Beacon Research/Shaw & Co. Research</a>^Sponsor: Fox News^,"1,104 RV@@1104",0,49,42,7
"4/14 - 4/20, 2025@@23851",<a href='https://pro.morningconsult.com/trackers/2026-midterm-election-generic-ballot-polls'style='color:#000000; text-decoration: underline;'target='_blank' rel='nofollow noopener'>Morning Consult</a>,"26,905 RV@@26905",0,44.04,43.36,0.6800003
"4/16 - 4/19, 2025@@23850",<a href='https://americasnewmajorityproject.com/most-support-blocking-states-from-giving-medicaid-to-illegal-immigrants/'style='color:#000000; text-decoration: underline;'target='_blank' rel='nofollow noopener'>McLaughlin & Associates</a>^Sponsor: America's New Majority Project^,"1,638 LV@@1638",0,45.7,47.1,-1.399998
"4/15 - 4/18, 2025@@23849",<a href='https://www.thecentersquare.com/polls/'style='color:#000000; text-decoration: underline;'target='_blank' rel='nofollow noopener'>Noble Predictive Insights</a>^Sponsor: The Center Square^,"2,527 RV@@2527",0,45,42,3
"4/16 - 4/16, 2025@@23847",<a href='https://napolitannews.org/posts/democrats-make-huge-gains-on-generic-ballot'style='color:#000000; text-decoration: underline;'target='_blank' rel='nofollow noopener'>RMG Research</a>^Sponsor: Napolitan Institute^,"1,000 RV@@1000",0,50,45,5
"4/10 - 4/14, 2025@@23845",<a href='https://echeloninsights.com/in-the-news/april-2025-verified-voter-omnibus-2-2-2-2/'style='color:#000000; text-decoration: underline;'target='_blank' rel='nofollow noopener'>Echelon Insights</a>,"1,014 LV@@1014",0,47,47,0
"4/9 - 4/14, 2025@@23845",<a href='https://45840940.fs1.hubspotusercontent-na1.net/hubfs/45840940/Clarity%20Omnibus%20Overview_April%202025.pdf'style='color:#000000; text-decoration: underline;'target='_blank' rel='nofollow noopener'>Clarity Campaign Labs</a>,"1,008 RV@@1008",0,44,45,-1
"4/9 - 4/13, 2025@@23844",<a href='https://www.cnbc.com/video/2025/04/17/tariffs-weight-on-trump-approval-cnbc-survey-finds.html'style='color:#000000; text-decoration: underline;'target='_blank' rel='nofollow noopener'>Hart Research Associates/Public Opinion Strategies</a>^Sponsor: CNBC^,800 RV@@800,0,48,46,2
"4/7 - 4/13, 2025@@23844",<a href='https://pro.morningconsult.com/trackers/2026-midterm-election-generic-ballot-polls'style='color:#000000; text-decoration: underline;'target='_blank' rel='nofollow noopener'>Morning Consult</a>,"26,749 RV@@26749",0,43.54,43.98,-0.4399986
"4/10 - 4/12, 2025@@23843",<a href='https://www.realclearpolitics.com/articles/2025/04/18/rcp_poll_voters_see_campus_bias_reject_trumps_tariff_pitch_152678.html'style='color:#000000; text-decoration: underline;'target='_blank' rel='nofollow noopener'>RealClear Opinion Research</a>,"1,000 RV@@1000",0,39.8,39.2,0.5999985
"4/8 - 4/10, 2025@@23841",<a href='https://www.winningtheissues.org/2025/04/30/winning-the-issues-april-2025-national-survey/'style='color:#000000; text-decoration: underline;'target='_blank' rel='nofollow noopener'>The Winston Group</a>^Sponsor: Winning the Issues^,"1,000 RV@@1000",0,46,44,2
"4/5 - 4/8, 2025@@23839",<a href='https://d3nkl3psvxxpe9.cloudfront.net/documents/econtoplines_Emo4hnf.pdf'style='color:#000000; text-decoration: underline;'target='_blank' rel='nofollow noopener'>YouGov</a>^Sponsor: The Economist^,"1,558 RV@@1558",0,43,42,1
"3/31 - 4/6, 2025@@23837",<a href='https://pro.morningconsult.com/trackers/2026-midterm-election-generic-ballot-polls'style='color:#000000; text-decoration: underline;'target='_blank' rel='nofollow noopener'>Morning Consult</a>,"25,977 RV@@25977",0,43.68,43.99,-0.3100014
"4/1 - 4/3, 2025@@23834",<a href='https://www.cygn.al/poll-democrats-continue-to-struggle-as-trump-maintains-strong-approval-even-in-light-of-tariffs/'style='color:#000000; text-decoration: underline;'target='_blank' rel='nofollow noopener'>Cygnal</a>,"1,500 LV@@1500",0,47.5,46.5,1
"4/1 - 4/3, 2025@@23834",<a href='https://youthpoll.yale.edu/spring-2025-results'style='color:#000000; text-decoration: underline;'target='_blank' rel='nofollow noopener'>Yale University Institution for Social and Policy Studies</a>,"4,100 RV@@4100",0,43.3,41.7,1.599998
"3/27 - 4/1, 2025@@23832","<a href='https://www.wsj.com/politics/policy/trump-foreign-policy-approval-voters-poll-c0c29dd0'style='color:#000000; text-decoration: underline;'target='_blank' rel='nofollow noopener'>Fabrizio, Lee & Associates/Impact Research</a>^Sponsor: The Wall Street Journal^","1,500 RV@@1500",0,44,43,1
"3/24 - 3/30, 2025@@23830",<a href='https://pro.morningconsult.com/trackers/2026-midterm-election-generic-ballot-polls'style='color:#000000; text-decoration: underline;'target='_blank' rel='nofollow noopener'>Morning Consult</a>,"27,397 RV@@27397",0,43.6,44.44,-0.8400002
"3/21 - 3/23, 2025@@23823",<a href='https://www.reuters.com/data/which-party-do-americans-want-run-congress-2025-11-05/'style='color:#000000; text-decoration: underline;'target='_blank' rel='nofollow noopener'>Ipsos</a>^Sponsor: Reuters^,911 RV@@911,0,38,38,0
"3/17 - 3/23, 2025@@23823",<a href='https://pro.morningconsult.com/trackers/2026-midterm-election-generic-ballot-polls'style='color:#000000; text-decoration: underline;'target='_blank' rel='nofollow noopener'>Morning Consult</a>,"27,364 RV@@27364",0,43.09,44.61,-1.52
"3/12 - 3/19, 2025@@23819","<a href='https://www.thirdway.org/polling/democrats-immigration-opportunity'style='color:#000000; text-decoration: underline;'target='_blank' rel='nofollow noopener'>Normington, Petts & Associates</a>^Sponsor: Third Way^",800 LV@@800,0,50,50,0
"3/10 - 3/16, 2025@@23816",<a href='https://pro.morningconsult.com/trackers/2026-midterm-election-generic-ballot-polls'style='color:#000000; text-decoration: underline;'target='_blank' rel='nofollow noopener'>Morning Consult</a>,"26,877 RV@@26877",0,43.2,44.95,-1.75
"3/10 - 3/13, 2025@@23813",<a href='https://echeloninsights.com/in-the-news/march-2025-verified-voter-omnibus-2-2-2/'style='color:#000000; text-decoration: underline;'target='_blank' rel='nofollow noopener'>Echelon Insights</a>,"1,007 LV@@1007",0,46,47,-1
"3/7 - 3/11, 2025@@23811",<a href='https://www.nbcnews.com/politics/politics-news/democratic-party-hits-new-polling-low-voters-want-fight-trump-harder-rcna196161'style='color:#000000; text-decoration: underline;'target='_blank' rel='nofollow noopener'>Hart Research Associates/Public Opinion Strategies</a>^Sponsor: NBC News^,"1,000 RV@@1000",0,48,47,1
"3/3 - 3/9, 2025@@23809",<a href='https://static1.squarespace.com/static/61ae8d5e55be5c7314b4c83a/t/67d0921f11ba8d57a17670a9/1741722147070/Clarity+Omnibus+Overview+-+March+2025+PUBLIC.pdf'style='color:#000000; text-decoration: underline;'target='_blank' rel='nofollow noopener'>Clarity Campaign Labs</a>,"1,036 RV@@1036",0,46,44,2
"3/3 - 3/9, 2025@@23809",<a href='https://pro.morningconsult.com/trackers/2026-midterm-election-generic-ballot-polls'style='color:#000000; text-decoration: underline;'target='_blank' rel='nofollow noopener'>Morning Consult</a>,"27,685 RV@@27685",0,42.92,44.98,-2.060001
"3/4 - 3/7, 2025@@23807",<a href='https://americasnewmajorityproject.com/most-americans-support-trumps-maha-agenda/'style='color:#000000; text-decoration: underline;'target='_blank' rel='nofollow noopener'>McLaughlin & Associates</a>^Sponsor: America's New Majority Project^,"1,655 LV@@1655",0,45.1,47.8,-2.700001
"3/3 - 3/5, 2025@@23805",<a href='https://www.cygn.al/poll-48-percent-support-trump-negotiating-settlement-to-war-in-ukraine-as-optimism-at-home-rises/'style='color:#000000; text-decoration: underline;'target='_blank' rel='nofollow noopener'>Cygnal</a>,"1,500 LV@@1500",0,47.4,45.9,1.5
"3/2 - 3/3, 2025@@23803",<a href='https://emersoncollegepolling.com/march-2025-national-poll/'style='color:#000000; text-decoration: underline;'target='_blank' rel='nofollow noopener'>Emerson College</a>,"1,000 RV@@1000",0,44.4,41.4,3
"2/24 - 3/2, 2025@@23802",<a href='https://pro.morningconsult.com/trackers/2026-midterm-election-generic-ballot-polls'style='color:#000000; text-decoration: underline;'target='_blank' rel='nofollow noopener'>Morning Consult</a>,"28,092 RV@@28092",0,42.96,44.61,-1.650002
"2/25 - 3/2, 2025@@23802",<a href='https://paragoninstitute.org/medicaid/paragon-health-policy-survey-2025/'style='color:#000000; text-decoration: underline;'target='_blank' rel='nofollow noopener'>Public Opinion Strategies</a>^Sponsor: Paragon Health Institute^,"1,000 RV@@1000",0,44,46,-2
"2/17 - 2/23, 2025@@23795",<a href='https://pro.morningconsult.com/trackers/2026-midterm-election-generic-ballot-polls'style='color:#000000; text-decoration: underline;'target='_blank' rel='nofollow noopener'>Morning Consult</a>,"27,621 RV@@27621",0,42.1,45.1,-3
"2/21 - 2/23, 2025@@23795",<a href='https://www.reuters.com/data/which-party-do-americans-want-run-congress-2025-11-05/'style='color:#000000; text-decoration: underline;'target='_blank' rel='nofollow noopener'>Ipsos</a>^Sponsor: Reuters^,891 RV@@891,0,38,40,-2
"2/20 - 2/21, 2025@@23793",<a href='https://x.com/ScottWRasmussen/status/1894720317291114920'style='color:#000000; text-decoration: underline;'target='_blank' rel='nofollow noopener'>RMG Research</a>^Sponsor: Napolitan Institute^,"1,000 RV@@1000",0,46,48,-2
"2/16 - 2/18, 2025@@23790",<a href='https://d3nkl3psvxxpe9.cloudfront.net/documents/econTabReport_OFVhPxp.pdf'style='color:#000000; text-decoration: underline;'target='_blank' rel='nofollow noopener'>YouGov</a>^Sponsor: The Economist^,"1,451 RV@@1451",0,42,41,1
"2/11 - 2/18, 2025@@23790",<a href='https://mclaughlinonline.com/pols/wp-content/uploads/2025/02/National-February-Presentation-RELEASE-02-18-25.pdf'style='color:#000000; text-decoration: underline;'target='_blank' rel='nofollow noopener'>McLaughlin & Associates</a>,"1,000 LV@@1000",0,41,48,-7
"2/15 - 2/17, 2025@@23789",<a href='https://coefficient.org/doge-part-2/'style='color:#000000; text-decoration: underline;'target='_blank' rel='nofollow noopener'>co/efficient</a>,"2,063 LV@@2063",0,44,46,-2
"2/13 - 2/17, 2025@@23789",<a href='https://www.uschamber.com/assets/documents/USCC_National-Tax-Survey_Deck_Feb-2025.pdf'style='color:#000000; text-decoration: underline;'target='_blank' rel='nofollow noopener'>McLaughlin & Associates</a>^Sponsor: U.S. Chamber of Commerce^,"1,600 LV@@1600",0,43,47,-4
"2/10 - 2/16, 2025@@23788",<a href='https://pro.morningconsult.com/trackers/2026-midterm-election-generic-ballot-polls'style='color:#000000; text-decoration: underline;'target='_blank' rel='nofollow noopener'>Morning Consult</a>,"27,203 RV@@27203",0,42.33,45.23,-2.899998
"2/10 - 2/13, 2025@@23785",<a href='https://echeloninsights.com/in-the-news/feb-2025-verified-voter-omnibus-2-2/'style='color:#000000; text-decoration: underline;'target='_blank' rel='nofollow noopener'>Echelon Insights</a>,"1,010 LV@@1010",0,46,47,-1
"2/3 - 2/9, 2025@@23781",<a href='https://pro.morningconsult.com/trackers/2026-midterm-election-generic-ballot-polls'style='color:#000000; text-decoration: underline;'target='_blank' rel='nofollow noopener'>Morning Consult</a>,"26,690 RV@@26690",0,42.65,45.22,-2.57
"1/31 - 2/6, 2025@@23778",<a href='https://static1.squarespace.com/static/61ae8d5e55be5c7314b4c83a/t/67aa57a7976e415c4d212706/1739216809584/Clarity+Omnibus+Overview+-+Jan_Feb+2025.pdf'style='color:#000000; text-decoration: underline;'target='_blank' rel='nofollow noopener'>Clarity Campaign Labs</a>,"1,102 RV@@1102",0,45,44,1
"2/4 - 2/5, 2025@@23777",<a href='https://www.cygn.al/poll-trump-winning-over-black-men-dei-skeptics-and-border-hawks-as-democrats-lose-ground/'style='color:#000000; text-decoration: underline;'target='_blank' rel='nofollow noopener'>Cygnal</a>,"1,500 LV@@1500",0,46.2,47.2,-1
"1/27 - 2/2, 2025@@23774",<a href='https://pro.morningconsult.com/trackers/2026-midterm-election-generic-ballot-polls'style='color:#000000; text-decoration: underline;'target='_blank' rel='nofollow noopener'>Morning Consult</a>,"29,303 RV@@29303",0,42.85,43.76,-0.9099998
"1/27 - 2/1, 2025@@23773","<a href='https://www.aarp.org/content/dam/aarp/research/topics/voter-opinion-research/politics/federal-tax-package-legislative-priorities.doi.10.26419-2fres.00921.001.pdf'style='color:#000000; text-decoration: underline;'target='_blank' rel='nofollow noopener'>Fabrizio, Lee & Associates/Impact Research</a>^Sponsor: AARP^","3,000 RV@@3000",0,43,43,0
"1/22 - 1/27, 2025@@23768",<a href='https://mclaughlinonline.com/pols/wp-content/uploads/2025/01/National-January-Presentation-RELEASE-01-28-25.pdf'style='color:#000000; text-decoration: underline;'target='_blank' rel='nofollow noopener'>McLaughlin & Associates</a>,"1,000 LV@@1000",0,40,48,-8
"1/20 - 1/26, 2025@@23767",<a href='https://pro.morningconsult.com/trackers/2026-midterm-election-generic-ballot-polls'style='color:#000000; text-decoration: underline;'target='_blank' rel='nofollow noopener'>Morning Consult</a>,"33,299 RV@@33299",0,41.86,44.78,-2.919998
"1/24 - 1/26, 2025@@23767",<a href='https://www.reuters.com/data/which-party-do-americans-want-run-congress-2025-11-05/'style='color:#000000; text-decoration: underline;'target='_blank' rel='nofollow noopener'>Ipsos</a>^Sponsor: Reuters^,902 RV@@902,0,35,37,-2
"1/15 - 1/16, 2025@@23757",<a href='https://napolitannews.org/posts/generic-ballot-gop-51-percent-dem-44'style='color:#000000; text-decoration: underline;'target='_blank' rel='nofollow noopener'>RMG Research</a>^Sponsor: Napolitan Institute^,"1,000 RV@@1000",0,44,51,-7
"1/9 - 1/12, 2025@@23753",<a href='https://www.cygn.al/voters-back-kingmaker-trumps-policies-on-economy-energy-and-health/'style='color:#000000; text-decoration: underline;'target='_blank' rel='nofollow noopener'>Cygnal</a>,"1,500 LV@@1500",0,44.6,46.8,-2.200001
"12/11 - 12/16, 2024@@23726",<a href='https://mclaughlinonline.com/2024/12/18/ma-poll-national-monthly-december-2024/'style='color:#000000; text-decoration: underline;'target='_blank' rel='nofollow noopener'>McLaughlin & Associates</a>,"1,000 LV@@1000",0,42,47,-5
"12/13 - 12/15, 2024@@23725",<a href='https://www.reuters.com/data/which-party-do-americans-want-run-congress-2025-11-05/'style='color:#000000; text-decoration: underline;'target='_blank' rel='nofollow noopener'>Ipsos</a>^Sponsor: Reuters^,890 RV@@890,0,41,37,4
"12/9 - 12/11, 2024@@23721",<a href='https://www.cygn.al/poll-musk-most-effective-trump-surrogate-as-voters-rally-behind-doge-deportations-and-congressional-republicans/'style='color:#000000; text-decoration: underline;'target='_blank' rel='nofollow noopener'>Cygnal</a>,"1,500 LV@@1500",0,44.6,48.4,-3.800003